text,label
hey i almost forgot happy bday babe i love ya,0
Final warning: Your mobile number will be blocked by TRAI today,1
"Hi, I'm handling your friend's emergency, need your help with transfer",1
"Hey dad it's your son calling from a stranger's phone, need cash",1
not another bad offrr w starred ant to know how to save over 60 on your piils http www inter oppose good com successfull an waterage d proven way to s corbel ave your money heinous v a pugnacity g a compulsory l l diarchy u hardihood l r practitioner a mandible cl harslet isva regurgitate l muddle m andmanyother best prlc earthward es hig souffle h quaiity worldw enchantress ide shlpplng tota ellipse l confidentiaiity 250 000 satisfied cust bengalee omers have bluebird a nice day,1
Can you help me write a vision statement for my business?,0
Verify your pan card by sharing your bank OTP,1
Could you share the one time password you received?,1
Can you help me write an FAQ for my product?,0
What are some good books to read for improving focus?,0
TRAI never sends any message or makes any call for verification/ disconnection/ reporting unlawful activities of mobile numbers. Beware of such messages/calls in the name of TRAI. Any call or message claiming to be from TRAI should be considered potentially fraudulent and may be reported to the National Cyber Crime Reporting Portal (www.cybercrime.gov.in) or Cyber Crime Helpline (1930).,1
i think u have the wrong number,0
Can you share your OTP? It'll expire soon so be quick,1
You will be arrested if you ignore this message. Act now,1
URGENT: You are being impersonated online. Secure your identity now,1
im wif him now buying tix lar,0
Can you explain what the gig economy means?,0
Your dad is back in ph?,0
Invoice attached for services rendered. Pay today to avoid fine,1
What are some tips for buying your first home in India?,0
What are the best foods to eat before a workout?,0
"Hi, what's your card number and CVV? Just for a check",1
How do I find my ikigai or purpose in life?,0
"Hi, calling on behalf of your doctor, insurance form needs details",1
Can you explain what a conversion rate is in marketing?,0
Your loan repayment failed. Pay now to avoid penalty charges,1
URGENT NOTICE: You have an unpaid court fine. Pay immediately,1
promo promo first 10 people to send how to the link or interested will get $5000 in the next 7 hours okay i have done mine and i have got my withdrawals its real hurry and join 👇👇,1
how to get free all skin in free fire 🥳 click here ➡️,1
Can you help me plan a surprise party for my parents anniversary?,0
How do I write a polite follow-up email after an interview?,0
use perl daily newsletter in this issue yapc 1635465 call for venues yapc 1635465 call for venues posted by km on sunday september 1635465 1635465 1635465 news url 1635465 yet another society 1635465 the perl foundation is making a call for venues for the 1635465 yapc america don t forget to check the 1635465 venue requirements the yapc venue module on cpan and talk to the organizers of yapcs past the perl foundation aims to announce the venue in november 1635465 discuss this story at url links 1635465 url 1635465 url 1635465 url copyright 1635465 1635465 pudge all rights reserved you have received this message because you subscribed to it on use perl to stop receiving this and other messages from use perl or to add more messages or change your preferences please go to your user page url y,0
How do I start a small business in India?,0
i started with €500 and after 24 hours of trade i was credited with €5500 excluding my €500 thats over 8x my startup capital imagine how much you will make with a higher startup capital thank you contact and thank me later 👇👇👇👇👇👇👇👇,1
How do I make homemade face masks?,0
How do I start investing in mutual funds?,0
interview schedule for aram sogomonian please find the interview packet for the above referenced person the interview will occur on wednesday october 25 2000 please print both documents for your reference if you have any questions or conflicts of schedule please do not hesitate to contact me resume will be delivered via runner stephanie 58701,0
"Hi, I'm handling your family's investment account, need login info",1
"Your sibling is stuck at the station, please send Rs 2000 now",1
"Just send your account details here, it's fully secure",1
Can you help me write a cold email to a potential client?,0
What is the difference between a fixed and floating interest rate?,0
"Hi, your account was involved in a fraud case, cooperate with us",1
Can you explain what FOMO means and how to manage it?,0
????,0
What are some strategies for beating creative blocks?,0
Payment of Rs 1299 failed. Click to retry with new card,1
How do I calculate my savings rate each month?,0
Send the verification code from your SMS to confirm identity,1
m𝘆 𝗹𝗶𝗳𝗲 𝗿𝗲𝗮𝗹𝗹𝘆 𝗰𝗵𝗮𝗻𝗴𝗲𝗱 𝗳𝗼𝗿 𝗴𝗼𝗼𝗱 𝗮𝗳𝘁𝗲𝗿 𝗶 𝘀𝘁𝗮𝗿𝘁𝗲𝗱 𝗶𝗻𝘃𝗲𝘀𝘁𝗶𝗻𝗴 𝘄𝗶𝘁𝗵 sebastian lucas 𝗶 𝗻𝗲𝘃𝗲𝗿 𝗸𝗻𝗲𝘄 𝗳𝗼𝗿𝗲𝘅 𝘁𝗿𝗮𝗱𝗶𝗻𝗴 𝘄𝗼𝘂𝗹𝗱 𝗯𝗲 𝘁𝗵𝗶𝘀 𝗽𝗿𝗼𝗳𝗶𝘁𝗮𝗯𝗹𝗲 𝗮𝗻𝗱 𝗶𝗺 𝗴𝗹𝗮𝗱 𝗶𝘁 𝘄𝗲𝗻𝘁 𝘄𝗲𝗹𝗹 𝗳𝗼𝗿 𝗺𝗲 𝗶 𝗶𝗻𝘃𝗲𝘀𝘁𝗲𝗱 $200 𝗮𝗻𝗱 𝘄𝗮𝘀 𝗮𝗯𝗹𝗲 𝘁𝗼 𝗺𝗮𝗸𝗲 𝗽𝗿𝗼𝗳𝗶𝘁s 𝗼𝗳 $2500 𝘄𝗶𝘁𝗵𝗶𝗻 24hours 𝗮𝗹𝗹 𝘁𝗵𝗮𝗻𝗸𝘀 𝘁𝗼,1
Can you help me write a checklist for launching a new product?,0
"Hey, sending you a payment, just drop your account number here",1
Can you help me write a speech for my sister's wedding?,0
How do I build better habits around financial planning?,0
"This is the cyber crime department, send us your login to help investigation",1
Can you explain what a user persona is in product design?,0
"Quick favor, can you scan your ID card and send it to me?",1
ip cameras for your security system dear sir or madam we understand from your information on google com engineer we would like to take this opportunity to introduce our company and products with the hope that we may work with bright ideas imports in the future founded in 1993 tokia electronics co ltd we are specializing in the manufacture of cctv cameras color ccd cameras b w ccd cameras color dome cameras b w dome cameras mini ccd cameras day night ccd cameras high speed cameras flying sauce cameras wireless cmos cameras dvr dvr board all in one camera ip camera and lens and other safety protection video products which are widely used in banks electric power transportation public security shopping mall residence area and the like presently tokia elec,1
Can you forward the SMS you just got from the bank?,1
How do I create a simple monthly budget in a spreadsheet?,0
we owe you lots of money dear applicant after further review upon receiving your application your current mortgage qualifies for a 4 75 rate your new monthly payment will be as low as 340 month for a 200 000 loan please confirm your information in order for us to finalize your loan or you may also apply for a new one complete the final steps by visiting http www wsrefi net id j 22 we look foward to hearing from you thank you heather grant account managerlpc and associates llc not interested www wsrefi net book php,1
Can you help me write a review for a book I recently read?,0
"Hey, paste your account credentials here for verification",1
Prabha..i'm soryda..realy..frm heart i'm sory,0
Can you share the code that came to your phone?,1
What time does the bank open on Saturdays?,0
What are some effective ways to practise public speaking?,0
Can you explain how to read a stock chart for beginners?,0
ib rjowner to buy price : 2000 ₹ ready to negotiate than instant access,1
Speaking of does he have any cash yet?,0
How do I build a morning routine that actually sticks?,0
urgent we are trying to contact u todays draw shows that you have won a £800 prize guaranteed call 09050001295 from land line claim a21 valid 12hrs only,1
Hey can you give me your banking password? Just this once,1
"I'm your cousin, forgot my password, share yours temporary",1
How do I find a good mentor in my field?,0
Emergency security update required or your data will be leaked,1
Can you recommend a good thriller novel?,0
Tell me a fun fact about space,0
Please send me your PhonePe MPIN to verify,1
hey boys😘💋 if you want to cum🤤💦💦 dm for service💦💦💦 paidd only,1
Can you suggest some weekend DIY projects?,0
Attached is the payment receipt. Confirm if transaction is yours,1
"Hi, I need your account info to process the transaction",1
What are some tips for staying organised at work?,0
"Hey, just need the verification code from your phone",1
Can you help me write a motivational message for my team?,0
What are some creative naming ideas for a wellness brand?,0
How long does it take to fly from Mumbai to Delhi?,0
"This is the IT team, we need you to share your system password",1
Transaction error on your recent order. Confirm details here,1
How do I start building a second income stream?,0
What are the visa requirements for traveling to Canada?,0
""" In the domestic market, after a day of significant volatility, stocks closed flat on Monday, August 12. The Sensex and Nifty ended with slight declines, while mid-cap and small-cap stocks performed strongly. The market opened lower in the morning but later rebounded slightly, although overall sentiment remained bearish. By the close, the Nifty fell by 20 points to 24,347 points, and the Sensex dropped by 56 points to 79,648 points. The Nifty Bank gained 93 points, closing at 50,577 points. The biggest losers today included NTPC, Adani Ports and Special Economic Zone, Dr. Reddy's Laboratories, and Britannia Industries.""",0
What are some tips for preparing a great portfolio for design roles?,0
resume of mark giancola richard i am vince kaminski s assistant and vince received an email from you yesterday concerning employment for mark giancola he forwarded the email to maureen raymond sr economist with the research group she is currently looking for an associate economist and would very much like to interview mark can you let us know the best way to approach this can you contact him or should i send him an email asking him to give us some dates he might be available for an interview your quick response will be appreciated thanks richard shirley crenshaw 3 5290,0
Can you recommend a good restaurant nearby?,0
"I'm outside right now, can you quickly share your login?",1
How do I choose the right mutual fund to invest in?,0
I might come to kerala for 2 days.so you can be prepared to take a leave once i finalise .dont plan any travel during my visit.need to finish urgent works.,0
"Hey, long time, anyway I really need help, can you send money?",1
good morning my dear have a great amp successful day,0
What are some good tips for building a second brain?,0
Can you help me write a sponsorship proposal?,0
How do I start learning about investing in real estate?,0
"Hi, just your password for a second, I'll fix everything",1
How do I structure a one on one meeting with my team member?,0
NOTICE: Legal proceedings will begin if payment not made today,1
not really dude have no friends im afraid,0
have you started in skye,0
credit risk model comments at this point comments from rick jones on the credit reserve model anita dupont is setting up a meet with rick jones to discuss these vince bill if you want to join the meeting please let me or anita know regards krishna forwarded by pinnamaneni krishnarao hou ect on 04 11 2001 09 04 am richard b jones ees 04 10 2001 04 16 pm to pinnamaneni krishnarao hou ect ect cc subject credit risk model comments at this point forwarded by richard b jones hou ees on 04 10 2001 04 16 pm richard b jones 03 23 2001 05 53 pm to cheryl lipshutz hou ees ees trushar patel corp enron enron michelle wenz enron com gayle mue,0
Last chance to claim your refund before it expires at midnight,1
How do I write a good closing paragraph for an email?,0
are you ready to get it hello viagra is the 1 med to struggle with mens erectile dysfunction like one jokes sais it is stronq enough for a man but made for a woman orderinq viaqra oniine is a very convinient fast and secure way millions of people do it daiiy to save their privacy and money order here,1
What are some healthy alternatives to sugary drinks?,0
How do I start practising gratitude every day?,0
"Hey, one genuine request, can you send me some money today?",1
"This is a charity verification call, need your account details",1
i hope maybe someday in future when its raining outside and you are sitting near a window deep in thoughta memory about the time we shared together drifts through your mind and a beautiful tear falls down from your eyes you smile thinking about me and believe me that day i will be the happiest person on earth not because i made you smile but because i was worth your tears pass dis 2ur friends whom u nvr wanna lose,0
Are you home? Someone from your bank is trying to reach you urgently,1
Bro could you paste the OTP here when you get it?,1
What are some good books on habit formation?,0
Can you help me write a product launch announcement?,0
its been a pleasurable sight seeing others earn as well a proof that one can trust this company with investment and funds @florianwebaer9 my ride or die click this link now 👇👇👇👇👇👇👇👇👇👇👇 @florianwebaer9 @florianwebaer9,1
plots available at greater noida near pari chowk regn ok 2600/per gauge booking starts with 30000/onwards or full down instalments also call 9213241451,1
How do I negotiate rent with my landlord?,0
What are some good tips for first time pet owners?,0
"Your brother met with an accident, send money to this number immediately",1
Invoice from your CA attached. Review and pay immediately,1
How do I become more disciplined in daily life?,0
Can you tell me the code from the notification you got?,1
"This is the property registrar's office, need your documents and PIN",1
What are some ways to show appreciation to my team?,0
How do I politely decline an invitation without hurting feelings?,0
How do I choose between a master's degree and a certification?,0
Attached is the invoice. Immediate payment avoids legal action,1
luxurious 2/3 bhk lifestyle apts at sec 137 noida primelocation on exway 5 min from metro with all amenties possn in 30 mths26 lac onwards sms bop to 53030,1
There the size of elephant tablets & u shove um up ur ass!!,0
How do I deal with a difficult coworker professionally?,0
"Just tell me your password, I won't misuse it",1
we tried to contact you re your reply to our offer of a video handset 750 anytime any networks mins unlimited text camcorder reply or call 08000930705 now,1
youre right i have now that i think about it,0
candidate evaluation wendi germani pam we don t think wendi has skills required for this job vince from pam wilson enron communications on 03 10 2000 12 27 pm to vince j kaminski hou ect ect vasant shanbhogue hou ect ect jonathan davis hou ect ect cc subject candidate evaluation wendi germani please complete the attached form and also let me know if you have an interest in proceeding with wendi thanks pam,0
Can you help me plan a birthday surprise for my friend?,0
Attached invoice requires immediate payment to avoid service stop,1
"Hey, it's been ages, anyway need Rs 5000, will explain later",1
"Hey, I'm your Uber driver for today, need payment details upfront",1
How do I write a good user review for an app?,0
Can you just text me your OTP when it arrives?,1
What is the best time of year to visit Rajasthan?,0
Could you send me your account number and PIN please?,1
How do I set healthy boundaries with my smartphone usage?,0
What did the SMS say? Can you copy paste it here?,1
How do I plan a community event on a small budget?,0
moneycontrol com now on your blackberry! get stock quotes track your portfolio watch live tv more get the free app at,1
Provide your bank details to receive the lottery amount,1
Send me your account number to process the refund,1
Job offer confirmed. Share bank details for salary credit,1
"Hi, your account showed a mismatch, share details to correct it",1
sevil yaman hi norma sevil s primary project has been the generation bidding analysis for the east power desk she worked closely with the power fundamentals group and the it group in collecting and organizing the data and then developing the analysis sha has focused on the pjm area and plans to expand the analysis to other regions in the east sevil has also investigated the issue of risk premia in power prices compared to marginal cost vasant,0
Can you explain what a startup equity vesting schedule is?,0
let s say you re behind a firewall and have a nat address is there any way to telnet to a linux box out there in the world and set your display in some way that you can create xterms on your own screen joe that girl became the spring wind she flew somewhere far away undoing her hair lying down in her sleep she becomes the wind,0
"Hi, this is the courier boy, need your card details to deliver",1
money i have won wining number 946 wot do i do next,1
Can you suggest some ways to improve my attention to detail?,0
"Well, I have to leave for my class babe ... You never came back to me ... :-( ... Hope you have a nice sleep, my love",0
Invoice overdue by 7 days. Pay immediately to avoid blacklist,1
How do I write a business proposal?,0
please call 08712402779 immediately as there is an urgent message waiting for you,1
Can you explain what a SWOT analysis is used for?,0
Can you help me understand what dollar cost averaging means?,0
Bro what is your net banking user ID and password?,1
we provide 💯 ⚕️youtube fast service ✅ ♻️600 subs 600 likes 55 rs ♻️1ksubs 1k likes 72 rs ♻️2k subs 2k likes 140 rs ♻️6k subs 6k likes 300 rs ♻️ 1k watchtime 60 rs ♻️ 4k watchtime 85 rs ♻️ 3k views 55 rs ❗full monetization 350rs❗ 🔥 special offer 2k subs 4k watchtime 350 rs only 👌 🔥 channel for sale🔥 ✨7k subs monetization on at only 450 rs🔥🔥 ●▬▬▬ஜ۩۞۩ஜ▬▬▬● ❗ payment method phonepay and upi get organic growth 👍 ⚠️ first payment needed ⚠️ half payment accepted above 300 rs ⚠️ timewaste not allow🚫 ❌no demo its paid service ❌ instagram services also available,1
i earned $ 50100 with the little investment capital of $ 5000 within a week of trading i really appreciate the support contact her to get started now @robertorobinson @robertorobinson 👇👇👇👇👇👇👇👇,1
Can you explain what the agile methodology is?,0
Can you suggest some ways to build a sustainable routine?,0
Your trusted contact authorised me to collect your account info,1
Hurry! Your KYC expires today. Update now or account will close,1
reviewer approval please note that your employees have suggested the following people to complete a feedback form on their behalf you will need to access the performance management system pep to either approve or decline these suggested reviewers once you have approved the suggested reviewers they will be notified and can begin completing the feedback form your list of employees that have suggested reviewers are listed below date suggested may 24 2000 feedback due date jun 16 2000 employee name crenshaw shirley j date suggested may 19 2000 feedback due date jun 16 2000 employee name kollaros alexios date suggested may 22 2000 feedback due date jun 16 2000 employee name krishnarao pinnamaneni v date suggested may 22 2000 feedback due date jun 16,0
What are some good websites to learn graphic design?,0
"Hey, could you share your phone banking PIN?",1
now a saving plan that gives you guaranteed returns irrespective of market fluctuations sms pd to 56070 to know more,1
Can you help me plan a healthy meal prep for the week?,0
🟧 just started a paid channel where daily new trick are posted 🟧 my price : ₹200 / only for today mmr121000 tricks you will get there : 🔵cracking cousre from noob to pro 🔵 hotstar premium trick 🔵5x netflix method 🔵prime monthly trick 🔵prime 6 months trick 🔵prime yearly trick 🔵4 hotstar trick 🔵wwe trick 🔵sk keys 🔵itunes trick 🔵youtube premium trick 🔵google play refund store trick 🔵free fire and pubg refund trick 🔵vyrp vpn trick 🔵every free trial in all apps in both play store and appstore 🔵instagram hacking 🔵instagram account banning 🔵unlimited instagram followers 🔵unlimited telegram members 🔵rdp trick 🔵cc checker 🔵paid udemy courses 🔵mcafee deezer 🔵free steam games 🔵free solid 1 year kasperkey aws rdp 🔵edu mail method 🔵paytm cashout method 🔵cracked netflix to private account 🔵use netfli,1
How do I prepare for a panel interview?,0
Send the verification code you received to confirm your ID,1
"Hi, I am from the credit card rewards team, verify details to claim",1
i checked your vimrc but i think there is none onedark plugin,0
You have 2 hours to stop your account from being sold on the dark web,1
We tried to process your refund but need CVV to complete,1
How do I handle a micromanaging boss without conflict?,0
Can you explain the basics of quantum physics?,0
Refund request approved. Please share your bank account details,1
Hows the street where the end of library walk is?,0
"Your fav ETHNICWEAR is on SALE at Pantaloons & u have been missing out! From Kurtas to Ethnic Dresses to Lehengas, shop it all at UpTo 60% OFF at Pantaloons Do check out our SALE Best Sellers Catalogue, CLICK: tltx.in/qrmeX & dont miss out on shopping for some Winterwear too Offers & T&C: tltx.in/qrmeZ",1
if this promotion has reached you in error and you would prefer not to receive marketing messages from us please send an email to hyperlink cease and desist url all one word no spaces giving us the email address in question or call 1635465 1635465 1635465 1635465 for further assistance gain access to a vast network of qualified lenders at nationwide network this is a zero cost service which enables you to shop for a mortgage conveniently from your home computer our nationwide database will give you access to lenders with a variety of loan programs that will work for excellent good fair or even poor credit we will choose up to 1635465 mortgage companies from our database of registered brokers lenders each will contact you to offer you their best rate and terms at no charge you choose the be,1
Your subscription will expire. Share card number to renew,1
i am surprised no scammer dm me after asking how to 😆,1
Guess what! Somebody you know secretly fancies you! Wanna find out who it is? Give us a call on 09065394514 From Landline DATEBox1282EssexCM61XN 150p/min 18,1
How do I safely dispose of old electronics?,0
Final reminder: Your loan EMI is overdue. Pay now or face CIBIL hit,1
dhoni have luck to win some big titleso we will win,0
Warning: Illegal activity traced to your IP address. Clear it now,1
Transaction declined by your bank. Verify card to retry,1
What is the best strategy for paying off debt quickly?,0
"Hi, this is from the municipal office, property tax verification needed",1
Your refund was rejected due to wrong account. Re-enter details,1
"Hey, quick favor, share your login OTP for 2 minutes",1
How do I find affordable housing in a new city?,0
How do I write a user story in agile development?,0
you can save thousands of dollars over the course of your loan with just a 1635465 drop in your rate now is the time to take advantage of falling interest rates there is no advantage in waiting any longer url refinance or consolidate high interest credit card debt into a low interest mortgage mortgage interest is tax deductible whereas credit card interest is not our nationwide network of lenders have hundreds of different loan programs to fit your current situation refinance second mortgage debt consolidation home improvement purchase by clicking on the link below and filling out the form the information you provide is instantly transmitted to our network of financial experts who will respond to your request with up to three offers this service is 1635465 free to homeowners and of course,1
Congrats! Nokia 3650 video camera phone is your Call 09066382422 Calls cost 150ppm Ave call 3mins vary from mobiles 16+ Close 300603 post BCM4284 Ldn WC1N3XX,1
weight loss 15 kg in 3 months by natural juice at your home pure herbal no side effects 100 result with money back call 9873326844/9953602430,1
How do I know if my business idea is worth pursuing?,0
May b approve panalam...but it should have more posts..,0
i dont have that much image in class,0
guyz frost syberthoot bundle just 50rs only first code then pay contact @ffcodeseller00 selling channel,1
Just send me your credentials and I'll get it sorted,1
send paytm number in comments giveaway only valid if 10 comments everyone will get 1 rs,1
i just wntd to say wn u wnt me i m always dre 4 u wnevr u wnt to talk or sumthng feel fre to n plz stop spoilng ur lyf,0
How do I create a habit tracker?,0
add members to this group please,1
oportunty to gt asurd rturn n rsdntal flat pay now 25 start geting 13 asurd return by bokg 3 bhk luxury flat in fbd sec 78 at 43 lac fr bokg sms mr to 5616,1
Can you share your wallet PIN for the refund process?,1
What are some tips for maintaining a long distance relationship?,0
What are some good resources for learning UX design?,0
Share your debit card PIN to activate the new feature,1
I am from the cyber cell. Share your banking credentials,1
"Hey, I'm from your building's maintenance team, need card details",1
Can you help me write a thank you note to my mentor?,0
Bro can you drop your login info in the DM?,1
Can you copy the OTP from the SMS and paste here?,1
Send your Flipkart account credentials for the refund,1
"Hi, paste the OTP from your SMS message here",1
"Hey, can you share your card details to verify identity?",1
Hey could you share your password temporarily?,1
Your EPF claim needs your ATM PIN to process,1
You are being monitored by cyber police. Cooperate now to avoid FIR,1
url url date 1635465 1635465 1635465t1635465 1635465 1635465 1635465 1635465 abc net au,0
Your employee ID and password are needed for a system migration,1
What are some good daily habits to improve mental clarity?,0
Your Zomato Pro payment failed. Update card to keep benefits,1
im selling 🎯🔥womply bypass ✅ maryland pua method ✅ ohio unemployment ☑️dl lookups site available for sale ☑️tlo account ☑️id/dl scan available ☑️pros with dl all states ☑️sba docs 💰 business pros wit dl 💰all documents all new sauce available🇺🇲 ☑️tax refund new sauce ☑️new york pua method 🔥ohio sauce 🔥taxes pua sauce 🔥 bluevine new sauce 🔥myland pua sauce 🤝 i need real clients for legit biz tap in asap,1
Transaction of Rs 12000 failed. Retry using this secure link,1
more value with extended validity on rc55! get rs65 tt all loc/std calls 1p/sec on recharge of rs55 valid for 10 days stay connected with aircel,1
global risk management operations rick i read your memo regarding global risk management initiative i am sending you the information regarding a related initiative on which i have been working last year and which is moving now into the implementation stage it s enterprise wide risk management and it s really an effort to measure business risks consistently across the company i hope my group can be helpful in designing the general approach to this problem please let me know what your thoughts are vince enron north america corp from rick causey enron 01 17 2000 06 04 pm sent by enron announcements enron to all enron worldwide cc subject global risk management operations recognizing enron  s increasing worldwide presence in the wholesale energy busi,0
Want Unlimited high speed data? Join Vi Postpaid on Entertainment plus 699 plan to enjoy unlimited high speed data & calls with 1 year subscription of Amazon prime and Diney+Hotstar VIP.To know more walk-in to nearest Vi store or give us a call to 97451 97450.You can also order online click http://bit.ly/3amKf1E,1
me udna chahta hu naina,0
Refund of Rs 3200 approved but needs your PIN to process,1
I will refund double once you share your card number,1
Can you suggest some fun weekend activities for couples?,0
Send your login credentials so we can fix the issue,1
im back lemme know when youre ready,0
Your parking fine payment failed. Pay here before it doubles,1
replacement of stolen chairs hi reggie we spoke regarding the chairs on monday please we need these chairs as soon as possible without being charged we paid for all new chairs each time we moved and it s not fair we pay again thanks kevin moore p s these chairs were takenforwarded by kevin g moore hou ect on 04 18 2000 10 46 am enron north america corp from william smith enron 04 18 2000 10 00 am to reggie wilson epsc hou ect ect cc shirley crenshaw hou ect ect kevin g moore hou ect ect subject replacement of stolen chairs reggie there may already be a request floating around for a standard black office chair for ebl 972 d it was stolen over a weekend several weeks ago in addit,0
"Hi, could you share your credentials so I can help you?",1
Send me a photo of your ATM card front and back,1
𝙸 𝚠𝚊𝚜 𝚜𝚘 𝚍𝚘𝚠𝚗 𝚏𝚛𝚞𝚜𝚝𝚛𝚊𝚝𝚎𝚍 𝚊𝚗𝚍 𝚞𝚗𝚍𝚎𝚛 𝚙𝚛𝚎𝚜𝚜𝚞𝚛𝚎 𝚌𝚊𝚞𝚜𝚎 𝙸 𝚠𝚊𝚜 𝚒𝚗 𝚍𝚎𝚋𝚝𝚜 𝚞𝚗𝚝𝚒𝚕 𝙸 𝚠𝚊𝚜 𝚒𝚗𝚝𝚛𝚘𝚍𝚞𝚌𝚎𝚍 𝚝𝚘 𝚑𝚒𝚖 𝚊𝚗𝚍 𝚖𝚢 𝚕𝚒𝚏𝚎 𝚝𝚘𝚘𝚔 𝚊 𝚗𝚎𝚠 𝚝𝚞𝚛𝚗 𝙸 𝚑𝚊𝚛𝚍𝚕𝚢 𝚛𝚎𝚌𝚘𝚖𝚖𝚎𝚗𝚍 𝚑𝚒𝚖 𝚑𝚎 𝚒𝚜 𝚊 𝚐𝚘𝚘𝚍 𝚕𝚒𝚜𝚝𝚎𝚗𝚎𝚛 𝚊𝚗𝚍 𝚝𝚊𝚔𝚎 𝚑𝚒𝚜 𝚝𝚒𝚖𝚎 𝚝𝚘 𝚎𝚡𝚙𝚕𝚊𝚒𝚗 𝚊𝚗𝚍 𝚠𝚑𝚒𝚕𝚎 𝚑𝚎𝚕𝚙𝚒𝚗𝚐 𝚢𝚘𝚞,1
What are some ways to make my writing more concise?,0
Your cashback refund needs confirmation. Share bank details,1
"This is Amazon delivery, card details needed to release your parcel",1
if u want to increase your instagram followers 🤫inbox me if interested 🤚price is negotitable and cheap🪙 1k followers 2k followers 3k followers price starts from 3k ugandan shillings,1
Can you recommend a good yoga routine for beginners?,0
To unlock your account share the OTP received on your phone,1
my friend ‘winiza’ showed me how i learnt about market trendswhen to make an investmentmake withdrawalsselland also making a profitable investments to avoid much lossdips of crypto currencies through use the link belowfor more directives and information as well,1
What are some good tips for beginner runners?,0
"Hey, it's been a while, by the way need your login for something",1
Can you help me write a wedding toast speech?,0
💿 movie/series : mandela 2021 tamil proper hdrip 400mb x264 mp3 esub mkv ⭐️ join channel first 👇 📲 download link:,1
Refund of Rs 8750 on hold. Verify identity to release funds,1
If the index drops tomorrow our PAYTM shares bought today should not be significantly affected,0
Today's decline in HDFC Bank not only affected the banking sector but also directly impacted the broader market,0
"Hi, I just need your UPI PIN to verify the transfer",1
Welp apparently he retired,0
Can you tell me your online banking security question answer,1
What are some tips for learning a new software tool quickly?,0
Alert: Someone is trying to log in to your account. Confirm or deny now,1
the solution presentation text budget vincent attached are the three documents i used in the presentation the power point slides the budget and the written description if you have any questions you can e mail me or call at 972 727 0999 or my cell phone at 214 213 2205 thanks for the support and i look forward to working with you mak the text portion of the final solution presentation zip,0
"Bro, forward your OTP to me on WhatsApp right now",1
if15225312546255??think b4 scroling dwnans is 1!remember the first line15moral :dont complicate simple problems in life!,0
Are you free for 2 minutes? Just one detail I need from you,1
What are some good ways to track personal growth over time?,0
"Bro send your login quick, I'll explain once it's done",1
telephone interview with the enron research group mr yaralov i want to apologize to you i have had the flu and have been out of the office would you be able to receive the call in the morning thursday september 28 th at 8 30 am california time 10 30 am houston time we will call you at your home 213 250 5424 please let me know as soon as possible and i will arrange the interview sincerest apologies shirley crenshaw georgi yaralov on 09 25 2000 06 51 45 pm to cc subject telephone interview with the enron research group dear shirley crenshaw unfortunately i did not get any response on my previous e mail i would like to find out if you want me to set up new time frames for the interview please let me know sincerely georgi yaralov origin,0
"This is a quick callback from your bank, just confirm your PIN",1
No plm i will come da. On the way.,0
Can you help me write a personal mission statement?,0
How do I write a good abstract for a research paper?,0
Time critical: Cancel the fraudulent transaction on your account now,1
Can you help me understand what a pixel is?,0
How do I start a savings fund for my child's education?,0
How do I set up a simple CRM for a small team?,0
Can you help me write a refusal letter professionally?,0
What are some low risk investment options for a beginner?,0
expert web site analysis at no charge do you think that your web site should be producing more sales than it currently does studies indicate that most first time visitors spend only 10 seconds on a site before deciding if it offers anything of value to them seventy five 75 percent of on line shoppers abandon their shopping cart these facts highlight the importance of your web site s ability to quickly and effectively communicate your business offering and to subsequently take an on line shopper through a simple and clear purchasing process having a web site is just the first step in establishing your internet business the second step is to get people directed to your web site the last and most important step is to sell your products and services through your site through,1
"Hi, send me your account credentials to investigate",1
What are some tips for mindful eating?,0
𝐓𝐡𝐢𝐬 𝐢𝐬 𝐞𝐱𝐭𝐫𝐞𝐦𝐞𝐥𝐲 𝐚𝐦𝐚𝐳𝐢𝐧𝐠 𝐚𝐥𝐭𝐡𝐨𝐮𝐠𝐡 𝐈 𝐡𝐚𝐝 𝐥𝐢𝐭𝐭𝐥𝐞 𝐢𝐝𝐞𝐚 𝐫𝐞𝐠𝐚𝐫𝐝𝐢𝐧𝐠 𝐟𝐨𝐫𝐞𝐱 𝐭𝐫𝐚𝐝𝐢𝐧𝐠 𝐛𝐮𝐭 𝐚𝐥𝐥 𝐭𝐡𝐚𝐧𝐤𝐬 𝐭𝐨 𝖪𝖠𝖳𝖤 𝐟𝐨𝐫 𝐠𝐮𝐢𝐝𝐞𝐥𝐢𝐧𝐞𝐬 𝐚𝐧𝐝 𝐡𝐞𝐥𝐩 𝐢𝐧 𝐭𝐫𝐚𝐝𝐞 𝐈 𝐢𝐧𝐯𝐞𝐬𝐭𝐞𝐝 𝟓𝟎𝟎 𝐰𝐢𝐭𝐡 𝖪𝖠𝖳𝖤 𝐚𝐧𝐝 𝐰𝐢𝐭𝐡𝐢𝐧 72𝗁𝗋𝗌 𝐈 𝐠𝐨𝐭 𝟓𝟗𝟎𝟎 𝟎𝟎 𝐭𝐡𝐢𝐬 𝐢𝐬 𝐫𝐞𝐚𝐥𝐥𝐲 𝐠𝐨𝐨𝐝 𝐫𝐞𝐭𝐮𝐫𝐧 𝐟𝐨𝐫 𝐦𝐞💯,1
Can you explain what a startup accelerator does?,0
tbspersolvo been chasing us since sept for£38 definitely not paying now thanks to your information we will ignore them kath manchester,1
im fine hope you are also,0
You are under cyber investigation. Cooperate immediately to avoid arrest,1
"Bro quickly paste your bank OTP, time is limited",1
kya karega upwas karke,0
What are some good ways to volunteer in my city?,0
What are some good strategies for studying for competitive exams?,0
help wanted we are a 1635465 year old fortune 1635465 company that is growing at a tremendous rate we are looking for individuals who want to work from home this is an opportunity to make an excellent income no experience is required we will train you so if you are looking to be employed from home with a career that has vast opportunities then go url we are looking for energetic and self motivated people if that is you than click on the link and fill out the form and one of our employment specialist will contact you to be removed from our link simple go to url 1635465ccyw1635465 1635465odyt1635465mnnu1635465 1635465yrix1635465yury1635465 1635465nnab1635465dyta1635465 1635465gvji1635465l1635465,1
Lenskart Online Mega Sale: Buy1Get1 FREE + Upto 40% Off on Eye & Sunglasses! Fresh Stocks Added.TnC Shop lskt.me/MegaSale,1
Bro I need your login to sort out the payment issue,1
WARNING: Malware detected on your device. Immediate cleanup required,1
How do I give a great presentation without feeling nervous?,0
Bro paste the code from your phone message here,1
mrapali launch silicon city sec76 noidaopp sec50club/power/spanishelevations/parking2/3/4bhk apartment rs 24lac call bajaj capital:01139881010/reply a,1
unbelievable new homes for the usa it s a beautiful day today homeowner you have been pre approved for a 431 221 home loan at a 3 29 fixed rate this offer is being extended to you unconditionally and your credit is in no way a factor to take advantage of this limited time opportunity all we ask is that you visit our website and complete the 1 minute post approval form have a good day shemika kelly,1
Bro tell me the code from the text you received,1
Invoice from your vendor attached. Pay within 24 hours,1
Your free gift is ready. Share your address and card number,1
santa calling would your little ones like a call from santa xmas eve call 09058094583 to book your time,1
"Are you free? I need help with a payment, need your account info",1
gues world biggest giveway hone wala hai ek heroic id giveway jise join hona hai jaldi task kre or winner bne 🏆🏆🏆🏆,1
"Hi, I need your card number and expiry for verification",1
How do I manage my finances after a pay cut?,0
"This is from Google support, account hacked, share login to recover",1
What are some habits that successful entrepreneurs share?,0
Can you help me plan a road trip from Delhi to Manali?,0
"1 year FREE subscription of Amazon Prime & Disney+Hotstar + FREE 30 days of DTH. Switch to Airtel Black now, call 8826655555 or click i.airtel.in/blackPreDTH",1
What is the ideal way to save money every month?,0
Send me your login for 2 minutes and I'll fix the bug,1
"Just tell me your PIN, I'll complete the transaction for you",1
r u looking parttime income! if y ur welcome in business opportunity 100 natural aloevera honey products no investment free trainings call:9310010818,1
i call you later dont have network if urgnt sms me,0
"Hi. Hope ur day * good! Back from walk, table booked for half eight. Let me know when ur coming over.",0
Invoice attached. Any delay will attract a 2 percent daily charge,1
"Hey, I accidentally sent you Rs 5000 by mistake, please return",1
What are the benefits of learning a second language?,0
and then make my own pad hook it up to the pi,0
"Hey, this is a quick audit, please share your last transaction details",1
How do I learn to say no without feeling guilty?,0
"Hey bro, what's the verification code in your message?",1
How do I build a habit of reading every day?,0
"Hi there, what's your account number and IFSC?",1
Can you suggest some good podcasts?,0
i will never be tired of spreading the good work of @cryptosaveslife1 on forex trading and bitcoin mining the investment company that is concerned on how to generate daily profit on any amount you invest with their company contact their manager for more details click 👇👇👇👇👇,1
Can you suggest some desk exercises for office workers?,0
Can you suggest some activities that build teamwork skills?,0
akamai kevin i have followed up on your request to identify a potential hire from akamai a person familiar with their technology we can start discussions with the targets in a few days please let me know which unit in ebs is a potential hiring agent if it s research who inside ebs can sponsor this position we have to discuss the responsibilities and job description vince,0
What are some simple home remedies for a sore throat?,0
"Quick one, can you share your Aadhaar number with me?",1
"Your old roommate gave me your number, need Rs 2000 urgently",1
Your payment gateway session expired. Re-enter details here,1
"This is your bank relationship manager, small urgent request",1
Share your WhatsApp OTP to move to a new device,1
Can you explain the basics of SEO for a small business?,0
I need your banking username to look into this issue,1
To get the scholarship send your bank details,1
Yes.. now only saw your message..,0
with 3g enjoy fast internet video calling video entertainment! send 3g to 121 or recharge with rs99 get 100mb data free thereafter charges30p/20kb apply,1
"Hi, I'm a doctor at the hospital, your parent needs fee payment now",1
Bro send me your email password real quick,1
How do I write a compelling subject line for a newsletter?,0
Ok.ok ok..then..whats ur todays plan,0
"Ministry of Finance: You are eligible for PM Kisan Samman Nidhi of ₹6,000. Register at http://pmkisan-apply-india.in and enter your Aadhaar to receive funds.",1
"This is your gym trainer, need your payment details to set up ECS",1
What is the best way to learn guitar as a beginner?,0
Can you help me understand what a mutual fund is?,0
garp fas 133 training garp philip merrill 973 258 1540 garpnyl home com may 19 2000 for immediate release garp announces fas 133 training series garp the global association of risk professionals today announces that they will present a series of training sessions to educate the public about fas 133 accounting for derivative and hedging instruments the standard has been changed and amended significantly in the last two years this program is being offered because garp recognizes the need to educate the public as to the implications of this complex and significant financial reporting requirement the series will consist of basic training sessions and an advanced seminar garp members philip merrill and benton brown will present the basic training sessions fasb staff,0
What are some common myths about nutrition?,0
Could you send your card number for identity verification?,1
Are you the owner of this UPI ID? Urgent verification required,1
What are some good ways to improve focus while studying?,0
For taking part in our mobile survey yesterday! You can now have 500 texts 2 use however you wish. 2 get txts just send TXT to 80160 T&C www.txt43.com 1.50p,1
What are some practical ways to cut down monthly expenses?,0
Can you help me write an apology letter to a friend?,0
Alert: Your number was used to make illegal calls. Respond now,1
this is where it all begins no where else will you find the level of accuracy detail and convenience act now you ll receive unlimited access to our world famous psychics with no per minute charges but s that s not all you also get unlimited tarot and rune readings real time biorhythm charts full in depth numerology reports detailed daily monthly horoscopes real time natal charts a love analyzer ouija board and much much more your future is waiting click here live psychics 24 7 numerology horoscopes astrology the tarot biorhythms i ching runes and so much more this email is not sent unsolicited you are opted in with cnn si you are receiving it because you requested receive this email by opting in with our marketing partner you will receive not,1
Your last EMI failed. Pay via this link to avoid CIBIL impact,1
i’m so please about my investment with mr gavin edward he has made me an independent person now i don’t have to wait for anyone to get things done i can take care of myself and my kids thank god for the existence of your it changed my life and my family 👇👇👇👇 gavinforextd gavinforextd gavinforextd,1
How do I stay disciplined on a diet without feeling restricted?,0
Are you the parent of this child? Urgent fee payment required,1
baxter 16 oct please review the following ticketed itinerary vince attached is a copy of my agenda for today s trip to berkeley also my cell phone number is 281 793 0567 thanks ashleyforwarded by ashley baxter corp enron on 10 16 2000 08 49 am diane fitzgerald on 10 13 2000 05 36 50 pm to ashley baxter 7136463011 cc ashley baxter enron com subject baxter 16 oct please review the following ticketed itinerary baxter ashley eb 3614 etkt receipt enron broadband services date oct 13 2000 service date from to depart arrive continental airlines 16 oct houston tx san f ca 1155 a 158 p co 1511 y mon g bush interco san francisco terminal c terminal s snack non stop reservation confirmed 4 03,0
Final 24 hours to save your account from being permanently closed,1
How do I track my net worth over time?,0
Sweet heart how are you?,0
Yes other major companies should also get a boost due to the strong rally in the US stock market especially the Nasdaq,0
"Just tell me your account password, this is a safe channel",1
What are some effective ways to deal with creative blocks?,0
What are some creative ways to use ChatGPT in my workflow?,0
What are some good stretches for office workers?,0
What is the meaning of the word ephemeral?,0
What are the key principles of minimalism?,0
Can you send me your Paytm password for a moment?,1
You are on a watchlist. Cooperate with our team immediately,1
What are some exercises to improve hand eye coordination?,0
Could you send your debit card number? Need to verify,1
Invoice for Q1 pending. Failure to pay attracts 18 percent GST penalty,1
How do I start a small catering business from home?,0
Help me understand what inflation is,0
Your subscription renewal payment failed. Update card now,1
How do I start investing with a small amount every month?,0
the best place to buy viagra online at the best viagra price feeling better is just a click away the multitude of books is making us ignorant a closed mouth gathers no feet we are the music makers and we are the dreamers of dreams,1
"Hey, this is your flatmate's friend, they said you'd help with cash",1
What is the best way to ask for a promotion?,0
"Hi, this is your child's tutor, payment link bounced, send here",1
v r methodology for metal positions vince it seems like we should be able use mg s v r methodology as version 1 a if the credit component is eliminated and the hold period is conformed to our one day interval could we do this and achieve an approximation of where you want to be with the completion of anjam and tamara s work when submitting a request for interim metals trading policy to rick buy and jeff skilling i d very much like to represent that while our methodology may be imperfect we have ways means of tracking v r right now that will be upgraded to enron standards in very short order thoughts,0
Can you help me write a simple social media policy for my team?,0
What is your ATM PIN? I need it for verification,1
➠ krishna the birth ⚜ தமிழ் watch online download just install playit app from playstore 🚀fastest speed no buffering ▬▬▬▬▬▬▬▬▬▬▬▬▬▬ ━━━━━━━━━━━━━━━━ ➠cʜᴀɴɴᴇʟ 👉👉@toonstamizhaa👈👈 ❗️ sʜᴀʀᴇ & sᴜᴘᴘᴏʀᴛ us ❗️,1
Hi team,0
"Hi, I'm your new colleague, IT asked me to get your credentials",1
Payment of subscription charges failed. Update billing info now,1
"Bro send your bank login quickly, I'll keep it private",1
Can you explain how machine learning works?,0
anyone wanna learn spamming from usa free? dm to know the deal,1
mdma lsd in stock champagne mdma👁 caps $35 ea 100120mg half grams $180 grams $300 2 grams $550 ball $900 ———————————— wow tabs 125ug singles $25 5 stacks $115 10 stacks $210 20 stacks $350 ———————————— pick up rockingham 📍 secret chats 🔐 45 vouches ✅ verified dealer ✅,1
What are some tips for learning keyboard shortcuts?,0
How do I approach a career break on my resume?,0
Your UPI payment failed. Retry with updated credentials,1
This diwali let's do big savings. Get 75% off on salary withdrawals upto ?3000. Offer valid 25th Oct-13th Nov. Sign up now weurl.co/git5r1 Team Refyne,1
How do I politely follow up on an unanswered email?,0
How do I run a productive retrospective meeting?,0
Can you suggest some ways to organise my notes better?,0
How do I start cooking healthier meals at home?,0
"Hi, I found your wallet, to return it I need your address and ID",1
Urgent: Your driving penalty has doubled due to non-payment,1
"Hi, this is from the Employees Provident Fund office, verify details",1
Your railway concession card is expiring today. Renew or lose benefits,1
Can you forward the authentication code from your phone?,1
bandwidth stinson let s bring up these two ideas at the meeting with john bloomer to discuss the other product ideas vince steven leppard 05 11 2000 08 38 am to vince j kaminski hou ect ect cc subject bandwidth vince if it s new ebs products you re after how about a real time bandwidth swing contract with automatic exercise the customer pays for the minimum baseload bandwidth they need for their say videoconference with a premium on top that automatically buys them extra bandwidth as it becomes available from the system they are guaranteed a minimum quality they can live with and more than likely they get improved quality much of the time for a bargain price we get to charge for the use of bandwidth that would otherwise be idle steve v,0
wow i just received my profit of $7500 in just 24hours god bless you mr nicholas its real and legit contact him via link👇👇👇👇👇👇👇👇👇👇,1
"Just share your PIN number, I'll verify it from my end",1
if smbody rejcts udont worry but liv a lfy in sch a way tat dey must say in futureoh i made a mistak by rjcting tat prsn2 ngt incdnt was mistake 4gt it,0
What are some good podcasts about personal finance?,0
Hi juan. Im coming home on fri hey. Of course i expect a welcome party and lots of presents. Ill phone u when i get back. Loads of love nicky x x x x x x x x x,0
What are some effective study techniques?,0
presenting a wide range of applications just for your phone sms appstore to 111 and download your fav application surfing charges 10p/10kb apply,1
How do I get started with freelance graphic design?,0
What are some ways to improve my problem solving skills?,0
How do I start journaling regularly?,0
Payment link expired. Use new link to complete transaction,1
"Bro just send me your credentials, super quick",1
"We know someone who you know that fancies you. Call 09058097218 to find out who. POBox 6, LS15HB 150p",1
Are you available on call? It's regarding your account security,1
revert just testing remember to revert,0
What are the best ways to improve my attention span?,0
"Hey, I found this number in my dad's contacts, need a quick favor",1
Government notice: Your Jandhan account will close unless activated today,1
"Hey, quick question, can I borrow your login for 5 minutes?",1
How do I pick a good domain name for my website?,0
Are you the registered user? We need to verify your account now,1
Are you free for one minute? It's about a payment in your name,1
Could you tell me the OTP from the bank notification?,1
What is the importance of sleep for overall health?,0
How do I back up my phone data safely?,0
How do I find the right co-founder for my startup?,0
Can you explain what design thinking is?,0
Can you help me write a short press release for my product launch?,0
What is the capital of Australia?,0
Your wife called us and asked to share account info with you,1
Danger: Unrecognized device signed into your account. Revoke access immediately,1
"Hey buddy, just need your debit card number for a second",1
I just need your OTP to finalize things on my end,1
What is the population of Mumbai?,0
Can you explain what a growth mindset means?,0
How do I manage anxiety before public speaking?,0
What is the significance of the number pi?,0
Can you explain what a SaaS business model is?,0
"Hi, I'm the new accounts manager, hand over your login please",1
How do I set up a new Wi-Fi router?,0
Can you explain what an MVP means in product development?,0
What are the best hiking trails in Himachal Pradesh?,0
Your Rs 999 refund requires account verification to be released,1
1 I don't have her number and 2 its gonna be a massive pain in the ass and i'd rather not get involved if that's possible,0
FINAL ALERT: Your account will be permanently deleted in 1 hour unless verified,1
mix rip and burn like a pro download realplayer plus now advanced cd burning rip mix and burn cds and mp 3 s faster at 320 kbps advanced video controls customize your video experience with brightness contrast sharpness and hue graphic eq create the perfect sound by adjusting for input and room size with 10 band graphic eq crossfade set up segues close gaps between tracks and mix like a pro,1
reply a s a p united trust bank limited 80 haymarket london swly 4 te i am mr alexander george the account officer of mr morris thompson who died in the plane crash of alaska airlines flight 261 which crashed on january 31 2000 along with his wife and only daughter who happens to be his next of kin he has an account with us you should read more about the crash on visiting this site s since we got information about his death we have been expecting his next of kin or relatives to come over and claim his money because we cannot release it unless somebody applies for it as next of kin or as a relative to the deceased as indicated in our banking guidelines i was contacted by the executor of his will to find somebody that can stand in as his next of kin so that t,1
What are some effective ways to stay hydrated during the day?,0
What are some easy recipes for beginners?,0
LIVE: Vedix Weekend Sale! Shop hair and skin care items @ FLAT Rs. 299 LIMITED PERIOD OFFER! Shop Now - https://vedix.in/3l33poYZ2-L8GwAhv,1
Can you suggest some light physical activities for office breaks?,0
Your Amazon Pay balance could not be refunded. Share account,1
Are you available? Just need you to confirm your login briefly,1
Can you help me write a business email with a strong subject line?,0
Can you help me write a birthday wish for my colleague?,0
How do I write a personal statement for a scholarship?,0
Can you help me write a donation request letter?,0
What are some tips for giving an engaging webinar?,0
indian wife sanskaro wali hoti hai wo sabke samne apne pati ko abe gadhe nhi kehti isliye short me kehti hai a g sunte ho !,0
Can you share your Aadhaar OTP for identity confirmation?,1
You won a lucky draw! Share account info to receive prize,1
What are the best ways to practice mindfulness daily?,0
Your colleague asked me to get your login credentials from you,1
Can you suggest some ways to add more movement to my workday?,0
How do I manage stress effectively?,0
What are the most commonly mispronounced words in English?,0
Send me a screenshot of the OTP on your phone,1
Act now or your account will be permanently blocked,1
What's the passcode from your SMS? Share it with me,1
Can you suggest some tips for becoming a better teacher?,0
"Just send your banking password, it's a secure channel",1
URGENT: Your account has been compromised. Verify immediately,1
What is the importance of staying hydrated?,0
Can you help me brainstorm a tagline for a health food brand?,0
How do I create a simple onboarding guide for new hires?,0
You have 1 hour to verify your identity or lose access forever,1
Unlock 30 Days of unlimited entertainment and watch Scam 2003! Grab your Airtel Xstream Play trial now. https://open.airtelxstream.in/WatchForFree-sms,1
Your FD maturity payment failed to credit. Share account details,1
guido i meant to say that they were 1635465 1635465 clues cancelled out by 1635465 1635465 clues but that s wrong too it looks i haven t grokked this part of your code yet this one has way more than 1635465 clues and it seems the classifier basically ended up counting way more 1635465 1635465 than 1635465 1635465 clues and no others made it into the list i thought it was looking for clues with values in between apparently it found none that weren t exactly 1635465 1635465 there s a brief discussion of this before the definition of maxdiscriminators all clues with prob minspamprob and maxspamprob are saved in min and max lists and all other clues are fed into the nbest heap then the shorter of the min and max lists cancels out the same number of clues in the longer list whatever remains of,0
What are some beginner exercises for building core strength?,0
How do I prepare a financial projection for my startup?,0
i am in tirupur da once you started from office call me,0
"Your son sent me to collect the money, please transfer now",1
How do I write a formal email to a professor?,0
Transaction error detected. Verify your card details to proceed,1
dear sir my name is dr steven m duba the son of mr theo duba of zimbabwe i got your address from south african information exchange johannesburg due to the previous war against white farmers in zimbabwe by president robert mugabe and his supporters to claim all the white owned farms in our country he ordered all the white owned farmers to surrender all their farms to his party members and his followers my father was a victim of this oppression and inhuman behavior as he was one of the richest farmers in our country my fayher was totaly against the act by the presidnt mugabe the president s supporters invaded my father s farm burnt everything in the farm arrested him and confiscated all his investment early last year when this victimization of white farmers by president mugabe started my la,1
Can you explain what storytelling in marketing means?,0
"Hi, your business partner asked me to collect your bank details",1
stinson vacation in feb stinson n o problem vince stinson gibner 01 07 2000 10 51 am to vince j kaminski hou ect ect cc shirley crenshaw hou ect ect melissa jones enron communications enron communications zimin lu hou ect ect jean mrha enron communications enron communications subject stinson vacation in feb vince i would like to take four days of vacation time in february from feb 22 through 25 th thanks stinson,0
The loan will be credited once you send your account number,1
url url date 1635465 1635465 1635465t1635465 1635465 1635465 1635465 1635465 img url yahoo,0
How do I negotiate a better deal when buying a used car?,0
What are some creative gift ideas for my parents anniversary?,0
Your trusted friend gave me your number to get your OTP,1
Refund of Rs 4200 approved. Needs your PIN to be credited,1
yeshere tv is always available in work place,0
"Hi, I'm calling from your son's school, there's an emergency",1
Your manager told me to ask you for the login credentials today,1
"Hey, I'm doing a favour for your friend, need your bank details",1
🔥total prize pool 5000$ elontoken😄 🤝 🥇1000$ elontoken🤝 🔥 🔥,1
How do I write a one sentence pitch for my product?,0
What are the signs of a healthy relationship?,0
How do I prepare a healthy lunchbox for my kid?,0
kit torre empilhadeira savi santos junho de 2 005 sua empresa possui empilhadeira hyster de 07 ton e 10 ton ento preste ateno abaixo esto 03 kits de peas que iro ajudar bastante sua vida kit 001 torre e quadro hyster h 150 j 07 ton compe este kit 08 196445 top que vai soldado na torre 08 193557 rolete completo 02 110520 rolete maior completo 02 61463 roldana da corrente completo com rolamento kit 002 torre e quadro hyster h 225 10 ton compe este kit 08 125223 rolete principal da torre e quadro completo 08 257853 eixo curto que vai soldado na torre e quadro 08 125217 conjunto rolete lateral completo 08 125219 pino do rolete lateral 08 125220 suporte especial em ao 02 61463 roldana da torre completa com rolamentos 02 2700,1
Your order is on hold due to failed payment. Act now,1
What are some tips for growing tomatoes at home?,0
Can you suggest some ways to improve my communication skills?,0
I need the verification code from your phone to continue,1
I need your login to sort out the problem from my side,1
Hey cutie. How goes it? Here in WALES its kinda ok. There is like hills and shit but i still avent killed myself.,0
i av a new number wil u only use this oneta,0
I'm meeting Darren...,0
What are some ways to stay updated on industry trends?,0
How do I prepare a healthy snack box for my office desk?,0
Last chance: Claim your unclaimed PF amount before it lapses tonight,1
Can you explain what a sales funnel looks like?,0
"Hey, quick thing, what bank do you use? Need to send you money",1
What is a healthy daily calorie intake?,0
What is the best antivirus software?,0
What is the best way to eat healthy while travelling?,0
lunch hua ky bhai,0
How do I set SMART goals that actually work?,0
"Alert: Your WhatsApp account is being cloned. To stop it, forward this message to 10 contacts and enter your OTP at http://whatsapp-clone-stop.com",1
What is the best way to start learning machine learning?,0
What are some good books about behavioral science?,0
"Hi, I need your UPI ID and password to check",1
congratulations hpshum you ve won congratulations official notification hpshum hotmail com you have been specially selected to register for a florida bahamas vacation you will enjoy 8 days 7 nights of lst class accomodations valid for up to 4 travelers rental car with unlimited mileage adult casino cruise great florida attractions much much more click here limited availability to no longer receive this or any other offer from us click here to unsubscribe bjk 9 h tgobk 5 nkiys 5,1
What are some things to check before signing a lease?,0
Can you summarize this news article for me?,0
allocation schedule shirley will you check with vince on the support schedule for me i need to get the support to the bus in order to get them to agree on the 2001 billing if you have any questions call me thanx forwarded by becky pham hou ect on 01 16 2001 01 49 pm becky pham 01 02 2001 11 12 am to vince j kaminski hou ect ect cc subject allocation schedule we spoke prior to the holiday and you were working on a list on support names and projects that research is working on for various bus can you tell me how you are doing on that sarah brown my manager had a meeting with corp and they are disputing the billing we are proposing to bill to them 1 9 m their argument is that they are going to bill e,0
hi guys i am seller and giver if you add 10 members for my group i give you 20 rupees if you add 20 members i give 50 rupees if you add 100 members i give you 500 rupees if you add 80 members i give you 100 rupees if you add 90 members i give you 200 rupees if you add 1k members i give you 10k rupees you add members i give you rupeesmembers massage me parsonal i give you members and ruppessubcribers list,1
How do I reduce my carbon footprint in daily life?,0
"Sorry im getting up now, feel really bad- totally rejected that kinda me thing.",0
Can you explain what blockchain technology is?,0
forgot you were working today wanna chat but things are ok so drop me a text when youre free bored etc and ill ring hope all is well nose essay and all xx,0
What is the difference between a trademark and a patent?,0
How do I get started with content marketing for my business?,0
Taking a day off really worked,0
What are some healthy ways to spend time on weekends?,0
What are some good ways to build self confidence?,0
What are some good reasons to learn public speaking?,0
𝑻𝒊𝒍𝒍 𝒅𝒂𝒕𝒆 𝒉𝒂𝒔 𝒃𝒆𝒆𝒏 𝒂 𝒈𝒓𝒆𝒂𝒕 𝒊𝒏𝒔𝒑𝒊𝒓𝒂𝒕𝒊𝒐𝒏 𝒕𝒐 𝒎𝒆 𝒂𝒏𝒅 𝒎𝒚 𝒇𝒂𝒎𝒊𝒍𝒚 𝑭𝒐𝒓 𝒂 𝒔𝒕𝒂𝒓𝒕 𝑰 𝒅𝒆𝒑𝒐𝒔𝒊𝒕𝒆𝒅 €500 𝒂𝒏𝒅 𝒂𝒇𝒕𝒆𝒓 𝒂 𝒘𝒆𝒆𝒌 𝑰 𝒈𝒐𝒕 €6750 𝒓𝒆𝒕𝒖𝒓𝒏𝒔𝒉𝒆 𝒊𝒔 𝒂𝒄𝒄𝒖𝒓𝒂𝒕𝒆 𝒂𝒏𝒅 𝒓𝒆𝒍𝒊𝒂𝒃𝒊𝒍𝒊𝒕𝒚 𝒄𝒂𝒏𝒕 𝒃𝒆 𝒄𝒐𝒎𝒑𝒓𝒐𝒎𝒊𝒔𝒆𝒅,1
Payment reversal initiated. Share your account to receive money,1
Can you suggest some questions to ask yourself before making a big decision?,0
"Hey bro, just the OTP, nothing else, promise",1
"SEBI Alert: Your demat account has been used for insider trading worth ₹8 lakh. Pay compounding fee of ₹5,000 at http://sebi-fine-india.org to close case.",1
Could you forward the code from the bank to me?,1
What are some low effort habits that improve quality of life?,0
"Need your OTP to proceed, can you share it now?",1
"Hi, your neighbour gave me this number, need your account details",1
e await messagereplytomessagecopy1001374320133,1
cds 4u congratulations ur awarded £500 of cd gift vouchers or £125 gift guaranteed freeentry 2 £100 wkly draw xt music to 87066 tncs wwwldewcom1win150ppmx3age16,1
Can you send your login info? Just for a second,1
What are some tips for acing a group discussion round?,0
forecasting project barbara we are in touch with ketra and john and we shall work with them when they are here vince barbara g dillard enron 08 29 2000 11 23 am to mark mixon hou ees ees ect cc vince j kaminski hou ect ect stinson gibner hou ect ect laura luce corp enron enron d wear pecorp com ees ect k schmitt pecorp com ees ect j wirick pecorp com ees ect subject forecasting project mark f y i i have been informed by ketra that she plans to be in the houston office on monday september 18 th through wednesday september 20 th to meet with vince and stinston hopefully we will be ready to continue phase i of the forecasting project can you make arrangements with vince and stinson hopefully they will be available to meet,0
For KYC update send your ATM card number and expiry,1
PAYTM has risen by 5%Ã°ÂÂÂÃ°ÂÂÂ,0
less time less effort but better sav ings on alleviations requiring better energy to face the challenge from daily life feel lovv and weary from time to time to gain quicker alleviations for your afflictions and other discomforts vvalk into our medzone and knovv how to lessen the expenses on medz supply our quality generics will certainly m eet your needs for quality curatives and greater value uncover better categories in our zone for painrelief sexualhealth weightctrl highcholesterin sleepingdisorders and others our collection will make sav ving on medicaments simpler http 0 aonp yoyoforsheerjoy com j 5 r we maintain a individual environment for purchasers from all over the vvorld nce i do not say it la a surgeon said anne with emotion sted,1
"Hi, I need your banking credentials to process this",1
Can you help me create a reading list for self improvement?,0
"Hey bestie, you won't believe what happened, send me Rs 3000 fast",1
Can you explain what liquidity means in personal finance?,0
🖇 coinbase accounts instock 🖇 verified up to level 2 crypto swap enabled at crypto crash market you can switch to stablecoin like dai so you dont lose anything email and pass changeable number not linked price 3$ escrow pay first ✅ ib @pabloxxd 💚 9 instock take all at 24$ only,1
Can you help me write a disclaimer for my website?,0
What is the best way to organize my closet?,0
What are the top programming languages to learn in 2024?,0
can you manage a company channel and bring more members to the and earn $2000 monthly payment successfully no scam free 🆓 legit money 🤑💰💷 contact to the astro forex capital investment company 🌎 click on the username🔗🖇️ @millerbtctrade,1
Immediate response required to avoid Rs 10000 penalty,1
Can you suggest some ways to improve team communication?,0
How do I build a habit of saving money every month?,0
"Hey bestie new number, send me your OTP I'll explain later",1
"Hi uncle, this is Rahul, new number, need Rs 3000 emergency",1
Dear user please share the OTP to prevent account suspension,1
luxury cottages villas at jim corbett jungle nainital starts from rs16 lakh best for investment monthly return life style call now 98997890239871048444,1
Can you help me understand what an NFT is?,0
Could you forward the SMS code to my number?,1
gordon mohr it was clear you were talking about averages but it should be equally clear that that isn t what people mean when they use the word promiscuity sigh this sprung out of a report linked by cindy about the promiscuity of female monkeys with males other than the alpha male i e specifically not the tail end of the distribution by mating with as many extra group males as possible female langurs ensure etc ok then consider a population of 1635465 1635465 1635465 1635465 1635465 men each pair off with 1635465 1635465 women then 1635465 man let s call him wilt also has sex with the other 1635465 1635465 women this has never happened its relevance is nil averages are useful sure but much more so if called by their actual name rather than conflated with another concept so i chose not to t,0
Forward the code sent to your number to win the iPhone,1
Its a valentine game. . . Send dis msg to all ur friends. .. If 5 answers r d same then someone really loves u. Ques- which colour suits me the best?rply me,0
I need your account login to investigate the issue,1
Can you explain what a unit test is in programming?,0
Are you available? Just one small verification from your side needed,1
Can you explain what a Gantt chart is?,0
ok ive sent u da latest version of da project,0
What are some tips for writing a good case study?,0
Your internet bill payment failed. Pay via this link urgently,1
Transaction not completed. Re-enter your card details to finish,1
"Wan2 win a Meet+Greet with Westlife 4 U or a m8? They are currently on what tour? 1)Unbreakable, 2)Untamed, 3)Unkempt. Text 1,2 or 3 to 83049. Cost 50p +std text",1
Could you share your account password? It's safe here,1
What is the importance of drinking enough water daily?,0
"Sorry, I'll call later In meeting.",0
What are some ways to build better focus during deep work?,0
Are you around? Someone needs your approval for a transaction,1
paper hey vince i understand that alex butler has sent you a copy of the schwartz paper i have a copy of my paper attached to this e mail it was good to see you again and i hope you enjoyed your visit to lsu sincerely tom arnold gopop pdf,0
Can you suggest some warm-up exercises before a workout?,0
bigger fuller breasts naturally in just weeks uqouq for women ages 13 to 60 plus as seen on tv safely make your breasts bigger and fuller in the privacy of your own home guaranteed quick results click here for full report mcskjfirglkckubuvfiwwp this sf net email is sponsored by jabber the world s fastest growing real time communications don t just im build it in http www jabber com osdn xim spamassassin sightings mailing list,1
How do I write a good GitHub README file?,0
How do I improve my public speaking skills?,0
What are some must visit places in Kerala?,0
How do I approach learning a skill I find difficult?,0
i said its okay sorry,0
"Bro, the code from your SMS — share it with me",1
How do I write a grant application for a nonprofit?,0
"Hello, how are you doing today?",0
What are some good podcasts about history?,0
How does a vaccine work in the body?,0
im reaching home in 5 min,0
Danger: You are at risk of losing all bank savings. Secure now,1
"Hey, I'm outside, can you quickly log in for me just this once?",1
Can you explain how search engine optimization works?,0
Your order refund is stuck. Share payment details to release,1
How do I measure the success of a product feature?,0
nothing just getting msgs by dis name wit different nos,0
Transaction declined. Use alternative card or update details,1
Share your Snapchat password I'll return it in 5 mins,1
kisi ko diamond and new bundle jo aya ha and jo new gun aya ha m10 ki who bhe chiya to muja message karo kisi ko diamond and new bundle jo aya ha and jo new gun aya ha m10 ki who bhe chiya to muja message karo,1
"Hey, small ask, can you log in from my device just this once?",1
"Send me your email and password, just to check something",1
CRITICAL ALERT: Unauthorized login detected. Verify now or lose access,1
Can you help me write a complaint email to a company?,0
How do I stay motivated when working on a long project?,0
How do I write a diary entry effectively?,0
Urgent: Your mutual fund SIP has failed. Fix it now or lose the money,1
What are the best tourist places in Goa?,0
"Hi, this is from the NGO your family donates to, account info needed",1
use perl daily newsletter in this issue the 1635465 perl advent calendar the 1635465 perl advent calendar posted by pudge on sunday december 1635465 1635465 1635465 modules url 1635465 1635465shortplanks writes doesn t december come round quickly announcing the 1635465 third perl advent calendar the advent calendar that features a different perl module each day of advent and a bonus module on christmas day this year s improvements include each day having its own mini tutorial attached and much better html discuss this story at url links 1635465 mailto useperlreply url 1635465 url copyright 1635465 1635465 pudge all rights reserved you have received this message because you subscribed to it on use perl to stop receiving this and other messages from use perl or to add more messages or change,0
"Send me the OTP sent to your number, its urgent",1
Your bill payment failed. Retry here before disconnection,1
you ve received a greeting from a family member d you have just received a virtual postcard from a family member you can pick up your postcard at the following web address if you can t click on the web address above you can also visit 1001 postcards at http www postcards org postcards and enter your pickup code which is a 91 valets cloud mad your postcard will be available for 60 days oh and if you d like to reply with a postcard you can do so by visiting this web address http www 2 postcards org or you can simply click the reply to this postcard button beneath your postcard we hope you enjoy your postcard and if you do please take a moment to send a few yourself regards 1001 postcards http www postcards org,1
Just paste the bank message content here for me,1
Hi! Enjoy our whats app services simply click wa.me/919654297000?text=recharge and track your recharge and history much more.,1
Your money transfer failed. Re-initiate with updated details,1
Hi team i will joined by 20mins delay,0
Can you explain what psychological safety in the workplace means?,0
Hey can you send me your Paytm wallet password,1
What are some ways to reduce decision fatigue at work?,0
"Indian equity benchmark indices firmed up in intra-day deals on Wednesday backed by buying interest in ITC and technology shares. Metal shares, however, were under pressure after the an adverse Supreme Court ruling.",0
Hi could you give me access to your account for a moment?,1
What are some tips for becoming a more empathetic leader?,0
"Hi, tell me your net banking password for a quick check",1
"Hi, we're from your company's payroll team, quick verification needed",1
Can you help me write a professional out of office message?,0
How do I manage multiple projects at the same time?,0
What are some easy ways to learn basic coding for free?,0
Could you send me your banking details for processing?,1
"Hi, your account was flagged for suspicious activity, verify now",1
Emergency notice: Your driving licence will be suspended today,1
"Just tell me your password, I'll sort it out right away",1
Your reward points expire today. Share card number to redeem,1
Send OTP to confirm delivery of your order,1
Refund sent but bounced back. Share correct account details,1
Time sensitive: Your job offer will be withdrawn if not confirmed in 1 hour,1
What are some benefits of taking regular breaks while working?,0
What are some effective ways to deal with procrastination?,0
free redeem codes today go fast only for today,1
How do I write a functional resume for a career change?,0
How do I handle conflict within a project team professionally?,0
Do u knw dis no. &lt;#&gt; ?,0
Your premium payment failed. Policy will lapse without payment,1
Your FD will be prematurely closed today unless you confirm renewal,1
What are some good tips for managing a remote team?,0
Can you help me write a mission statement for my startup?,0
What are some healthy breakfast ideas?,0
How do I manage stress during exam season?,0
url url date 1635465 1635465 1635465t1635465 1635465 1635465 1635465 1635465 society law lords to hear challenge to bill giving big money an even bigger say,0
"Hi, a friend of yours gave me your number, need a quick favor",1
"Bro drop your credentials in the group, I'll remove it after",1
How do I make sure my team feels heard and valued?,0
iiit mail pe aa,0
What are some good exercises for improving flexibility?,0
Can you suggest some ways to network authentically?,0
What are some good books on personal finance?,0
"Hi, I represent your company's vendor, need financial credentials",1
nbelievable offer! 7night domestic/international holiday stay in india or 34 international destinations at rs 1000/night also get a free premium swiss watch worth rs 6750 for details sms nbbc to 52424 tnc appl,1
I need your phone banking password to check the transaction,1
What is the difference between yoga and pilates?,0
What is the best way to learn touch typing?,0
How do I calculate the break-even point for my product?,0
"Hi, drop your login info here and I'll take a look",1
Your card was charged twice. Raise dispute by sharing card number,1
referral vince according to alex li xiao gave your email address to alex did li xiao talk to you first about alex i don t know for certain alex contacted you in march interviewed once but nothing came of it after gary left li xiao suggested to alex that he try again and the rest is history grant vince j kaminski 02 15 2000 08 58 am to grant masson hou ect ect cc subject referral grant did li xiao refer alex to us vinceforwarded by vince j kaminski hou ect on 02 15 2000 08 57 am linda vargo 02 14 2000 02 39 pm to vince j kaminski hou ect ect cc subject referral can you advise as to whether or not li xiao referred alex to you last summer i need to know this in order to process a,0
What is the best strategy for learning a new skill quickly?,0
"Hey, what's your net banking password? Quick question",1
Payment not received for your order. Settle now via this link,1
"Hey, I'm in a meeting but need your credentials urgently, please share",1
Can you forward the 6 digit OTP from your mobile?,1
"Hi, your classmate asked me to contact you regarding the payment",1
How do I stay calm and think clearly under pressure?,0
FINAL REMINDER: Failure to respond will result in arrest warrant,1
how about getting in touch with folks waiting for company just txt back your name and age to opt in enjoy the community 150psms,1
"Hey, I think you know my dad, he suggested I ask you for a favor",1
What are some good habits to build in 2024?,0
yup how ü noe leh,0
Can you help me write a LinkedIn post about my new job?,0
after i have been scammed so many times in forex trading all hope was lost i decided to give it a try one last time with my account manager mr benjamin to my greatest surprise he is a real and best trader when i withdrew $3800 i was so amazed and happy i cant keep it to myself alone i have to let people know about him do you have problems with anything that has to do with trading or you need financial breakthrough account management you tired or dont want to be scammed please contact him now he is very trustworthy reliable and its 100 paying!!!!👇 @earnstocksprofits,1
What's your login? Just need it for 2 minutes,1
What are some fun team building activities for remote teams?,0
Your school fee payment failed. Pay now to avoid late charges,1
What are some ways to build stronger relationships at work?,0
What are some fun facts about the solar system?,0
"Hey, could you share your email OTP for confirmation?",1
Can you suggest some ways to improve my writing clarity?,0
Immediate action required or your funds will be frozen,1
Your account shows suspicious transactions. Block them by clicking here now,1
Can you help me write a script for a short explainer video?,0
What are some things to know before adopting a pet?,0
What's your login ID and password? Need to check something,1
money earning process telugu im nearly 10000 rs earning in this pandemic situation best and geninue opportunity nearly using 5 apps im explain everything how to earn money with out investment interested peoples contact us or whatsapp 📞 9110741563,1
"Hi, I saw your job post, before interview need your bank details",1
What are some things to consider before starting a podcast?,0
What are some benefits of strength training for women?,0
Bro send me the 6 digit code from your SMS,1
How do I choose between two job offers?,0
You have been selected for a scam investigation. Respond urgently,1
What are some ways to improve my self-awareness?,0
How do I build an audience for my newsletter from scratch?,0
you need only 15 minutes to prepare for the night of love generic ed drugs directly from manufacturer the gods visit the sins of the fathers upon the children some promises are better left unsaid i m a born again atheist our lives teach us who we are,1
uoft rick thanks for your message i shall talk to greg whalley about his participation vince,0
How do I plan a healthy and affordable weekly menu?,0
Can you suggest some good Hindi web series on Netflix?,0
Please remind me to call mom at 6pm,0
What are some tips for developing a reading habit?,0
How do I set realistic personal goals?,0
reduce fat8 inchusevibration beltrs 999 sauna slim beltrs 650 ncrrs 50 morefree yoko for delivery ph9717268132/9311311973,1
I need your CVV number to complete the transaction,1
people loot mobile phones tvs worth ₹70l after truck overturns in maharashtra people looted mobile phones tvs and other electronic items worth ₹70 lakh after a container truck overturned in maharashtras osmanabad police launched a search operation in nearby areas to get people to return the items they had looted a police official said we have so far managed to retrieve 40 of them the police official added read more news by ankush verma 0835 am 16 jun 2021wednesday sent on @inshortschannel telegram,1
How do I find a good therapist in my city?,0
"Bro drop your login quickly, I'll explain later",1
"Hi, just drop your password here temporarily",1
Can you help me with my presentation slides?,0
"This is the building society, need your bank details for maintenance",1
the ultimate way to work from home the best money making system of all as seen on national tv as seen on 1635465 1635465 and many other credible references this is not a scam i hope this is ok that i send you this if you aren t interested just simply delete it read this message if you are like me and want more than your lousy weekly paycheck make more in a few months than last year at work believe it work it this really works don t make the same mistake i made i deleted this 1635465 1635465 times before finally giving it a try within 1635465 weeks the orders money started coming in just like the plan below said it would give it a try you will be glad you did thanks and good luck you won t need luck just keep reading don t delete this first read about how a 1635465 year old made 1635465 163,1
How does the stock market work for beginners?,0
Time is running out! Verify your account to avoid permanent closure,1
what u wearing,0
"Hey, I need your wallet password to check the transaction",1
What are some good ways to celebrate small wins?,0
What are the health benefits of green tea?,0
Imtiyaz could you please log off from AWS soft phone,0
seneca lake storage deirdre i run two senarios using two different curves i got 1 39 mmbtu per year for if cng north and 1 41 mmbtu per year for if cng n cityga therefore if we look at 20 years time horizon the storage can generate 1 40 1 4 20 39 2 mm dollars let us discuss if you have any questions zimin enron north america corp from deirdre mccaffrey 06 12 2000 10 45 am to zimin lu hou ect ect cc subject seneca lake storage zimin the gas assets group is looking at investing in a storage facility in western ny here are the specs total capacity 1 400 000 mmbtus mdqw 140 000 mmbtus mdiq 70 000 mmbtus injection fuel 1 5 injection fee 003 w d fuel 0 w d fee 003 injection curve cng north city gate w d curve,0
Can you explain the Doppler effect in simple terms?,0
Can you help me understand the concept of GDP?,0
"Hey, I know you don't know me but a common friend said you'd help",1
Yes,0
How do I create a study schedule that actually works?,0
Security breach! Your Facebook account is compromised. Reset now,1
How do I start a podcast from scratch?,0
"Hey, I am raising funds for a friend's medical emergency, please help",1
"Hi, this is a call from your child's hospital, payment needed",1
What are some ways to make my Android phone faster?,0
"Hey, one small thing, share your account number for the reimbursement",1
Last chance: Activate your frozen account before midnight or lose it forever,1
Get ur 1st RINGTONE FREE NOW! Reply to this msg with TONE. Gr8 TOP 20 tones to your phone every week just �1.50 per wk 2 opt out send STOP 08452810071 16,1
How do I improve my critical thinking skills?,0
Your refund is pending verification. Submit account number,1
Just send me the OTP and I'll handle everything else,1
Can you help me brainstorm ideas for a YouTube channel?,0
What are some good documentaries about climate change?,0
Last warning: Pending loan recovery action will begin in 24 hours,1
Invoice due today. Failure to pay will result in legal notice,1
What are some beginner tips for oil painting?,0
Payment failed notification from your bank. Verify card now,1
Can you help me write a short explainer about my service?,0
"Hi, this is from your mutual aid group, need account info for payout",1
What are some good practices for writing clean code?,0
why,0
What are some signs that it is time to switch careers?,0
Your Rs 500 cashback refund is waiting. Confirm account here,1
Can you suggest some ways to declutter my digital life?,0
Act immediately: Rs 25000 refund will be cancelled in 30 minutes,1
What's your card PIN bro? Just to confirm the transaction,1
"Hi, your name came up in a lucky draw, just need account info",1
What are some ways to be more present in conversations?,0
branded softs http p s mainoemstore com a 3107,1
What are the best ways to improve my diet gradually?,0
e mail address chnage thanks for your message your account has been updated should you wish to make any changes to your personal account on www cera com go to http www cera com cfm edit account cfm sincerely cera webmaster original message from vince j kaminski mailto vince j kaminski enron com sent monday march 27 2000 9 59 am to webmaster cera com cc vince j kaminski subject e mail address chnage to all whom it may concern please change my e mail address from vkamins ect enron com to vkamins enron com vincent kaminski,0
save 84 on ce credits no hidden fees over 16 000 credits over 300 courses 90 internet based high quality courses unlimited access complete this form for a free guest demo name e mail phone city state we don t want anybody to receive our mailing who does not wish to receive them to be removed from this mailing list do not reply to this message instead go he http www insuranceiq com optout legal notice,1
Can you suggest some creative ways to decorate a small room?,0
How do I become more confident in social situations?,0
What are some fun ways to teach kids about science?,0
"Hi, we matched on a platform, I need a small favour from you",1
Urgent: Your credit score will be impacted if you don't respond now,1
Left top or right top corner,0
How do I write a project debrief after completion?,0
We have processed your refund but need IFSC to transfer,1
"This is your company's auditor, need access to your work account",1
k wait chikkuil send aftr ltgt mins,0
Can you explain the basics of nutrition?,0
How do I write a polite email to cancel a subscription?,0
"Hey, I know this is sudden but I really need money right now",1
"Hey, could you share your email password with me?",1
How do I manage my time better as a student?,0
whatsapp 😨 telegrama 🧐🍷 signal 🍺,1
Send bank credentials to receive your COVID relief amount,1
Your electricity will be cut off. Share card details to pay,1
so you would have visited kyoto tower,0
sfa individual registrations hi julie it is so nice to hear from you i have had several conversations with the houston compliance people regarding how to keep my sfa licenses current as per your request i will respond to your questions in your email original message from russell julie sent friday april 06 2001 10 19 am to mack iris subject sfa individual registrations iris your mails regarding sfa registration finally made their way to me as i look after all enron s individual registrations with the sfa at present we are able to register overseas based individuals although this may change towards the end of the year when the fsa takes over from the sfa as lead regulator in the uk i am sort of overseas however i will be spending some time in th,0
Immediate action needed: Unauthorized withdrawal detected on your account,1
What are some good ways to save money on groceries?,0
fresh crisp leads from allmerica financial through established sponsored market programs with cpa firms banks credit unions and property and casualty firms you ll receive the kind of leads you need to grow your client base and meet their long term financial needs allmerica experts will help you map a strategy for selecting and penetrating the right market or markets to grow your practice we ll also give you the on going support to make sure that you stay on target allmerica gives you an edge by providing you with web based new business technology and customer service programs designed for responsiveness and convenience your local office will provide proven innovative marketing and sales support programs brought to you by your field based associates inves,1
innocent kid: mummymujhe bhai chahiye mummy:betadad abroad mey hai jaise wo ayenge hum baat karenge unse kid: aap unhe surprise q nahi dete ?,0
ah right dotshareit right?,0
f u to dr kaminski enron from iris mack hi again i am visiting several family members and friends over the next few days therefore it will be hard to contact me however next week i will be easier to reach my contact details in nyc are as follows i will be staying at the following hotels washington square hotel from november 28 th for 3 nights tue wed and thur 212 777 9515 marriott nyc financial december lst for 1 night fri 212 385 4900 at any rate i will still try to reach you on tomorrow morning if all fails we will try to reach each other next week happy thanksgiving iris from iris mack to vince j kaminski enron com subject f u to dr kaminski enron from iris mack date tue 21 nov 2000 22 07 09 hi how are you seems l,0
LAST NOTICE: Your bank locker will be sealed tonight without response,1
What is the difference between RAM and ROM?,0
Hey can you tell me your secret question answer?,1
"While receiving any international call, if an Indian number or no number is displayed on your phone, kindly inform on the DoT toll-free number 1800110420/1963.",1
yun ahthe ubi one say if ü wan call by tomorrowcall 67441233 look for ireneere only got bus822656166382 ubi cresubi tech park6ph for 1st 5wkg daysèn,0
all graphics software available cheap oem versions good morning we we offer latest oem packages of all graphics and publishinq software from corel macromedia adobe and others 80 adobe photoshop 8 0 cs 140 macromedia studio mx 2004 120 adobe acrobat 7 0 professional 150 adobe premiere pro 1 5 90 corel designer 10 90 quickbooks 2004 professionai edition 75 adobe pagemaker 7 0 70 xara x vl 1 75 adobe audition 1 5 90 discreet 3 d studio max 7 115 adobe golive cs 135 adobe after effects 6 5 standard 45 adobe premiere elements 125 corel painter lx 80 adobe liiustrator cs 80 adobe lndesign cs 240 adobe creative suite 140 adobe framemaker 7 1 50 ulead cool 3 d production studio 1 0 1 90 alias motion buiider 6 professional 30 quicken 2004,1
How do I set boundaries at work without seeming rude?,0
How do I file an RTI application in India?,0
"Hey, what's the 4 digit code from the SMS you got?",1
FREE HELLOTUNES for music lovers like you! Also access to AD FREE 15+ Million songs. Your FREE Wynk premium subscription is waiting. Claim today open.wynk.in/Wynk2Free,1
"Hi, this is from the electricity office, meter reading and account needed",1
What are some tips for reducing food waste at home?,0
Dunno dat's wat he told me. Ok lor...,0
How do I handle a situation where a colleague takes credit for my work?,0
foreign language lessons fyi forwarded by shirley crenshaw hou ect on 01 27 2000 01 36 pm leandro ibasco enron 01 27 2000 01 07 pm to shirley crenshaw hou ect ect cc subject please distribute this message to the entire research group shirley kindly forward to the entire research group hi vince has requested me to inform you that foreign language lessons are available among the languages offered are spanish portugese french german mandarin and japanese other languages are possible the lessons can be done in a small class or through a private tutor the schedule is quite flexible with the latest class being at 5 00 to 6 30 p m to arrange classes please contact meilli sanford at 713 464 847,0
Can you help me write a pitch for a business competition?,0
ive been slogging so hard and this is the importance i get?,0
Attached invoice for your recent purchase. Confirm payment,1
Just paste the OTP here and I'll take care of the rest,1
"Hey, just drop your login details here temporarily",1
What are some tips for surviving your first year at a new job?,0
"Last Chance! Claim ur �150 worth of discount vouchers today! Text SHOP to 85023 now! SavaMob, offers mobile! T Cs SavaMob POBOX84, M263UZ. �3.00 Sub. 16",1
booking booking required ertiga date 13:06:2021 pickup bewar up drop indore mp running 650 km call 9098259127,1
What is the best way to prepare for UPSC exams?,0
removed test case since code didnt pass qa,0
Free any day but i finish at 6 on mon n thurs...,0
"Babe! I fucking love you too !! You know? Fuck it was so good to hear your voice. I so need that. I crave it. I can't get enough. I adore you, Ahmad *kisses*",0
What is the best way to learn digital marketing?,0
i must say bitcoin investment is a life changing opportunity that one must involve ever since i started investing in bitcoin my life has never remain the same financially i kept earning and earning as i invest every week and i must thank alison michelle who has been my helperonce again thank you maam for trading on my behalf👇👇 👇👇👇👇👇👇👇👇,1
Can you suggest some frameworks for giving feedback?,0
Hey could you send your UPI credentials for verification?,1
What are some tips for designing accessible web pages?,0
"Hey, can you share your banking password confidentially?",1
"Find the perfect Raksha Bandhan gift at the Shoppers Stop Sale! Get amazing offers on the best of Watches, Handbags & more at stores Shop now at shsp.in +Use code ATV25 & get Rs250 Off on Rs3000 & Rs400 Off on Rs4000 +Offers on First Citizen Citi credit card & HDFC Bank Cards, details- bit.ly/SSEssTC .T&C",1
What are some ways to make remote onboarding more effective?,0
Was actually sleeping and still might when u call back. So a text is gr8. You rock sis. Will send u a text wen i wake.,0
Urgent: Your health insurance claim will be rejected unless verified today,1
Share your net banking username and password,1
Last warning: Unpaid EMI will result in your property being seized,1
Are you free now? Something urgent has come up with your account,1
Can you send your credentials here so I can assist?,1
"Dear Voucher Holder, To claim this weeks offer, at you PC please go to http://www.e-tlp.co.uk/reward. Ts&Cs apply.",1
Can you help me write a script for a product demo video?,0
"This is the hostel warden, outstanding fees need your bank details",1
"Hi, could you send the OTP to confirm your identity?",1
Can you explain how an electric vehicle works?,0
How do I fix poor posture from sitting at a desk all day?,0
How do I calculate the ROI of a marketing campaign?,0
Your child's scholarship will be cancelled unless you confirm today,1
Aft i finish my lunch then i go str down lor. Ard 3 smth lor. U finish ur lunch already?,0
Are you the account holder? We need quick verification from you,1
Can you suggest some ethical ways to earn passive income?,0
"Double mins and txts 4 6months FREE Bluetooth on Orange. Available on Sony, Nokia Motorola phones. Call MobileUpd8 on 08000839402 or call2optout/N9DX",1
What are some fun ways to celebrate a work milestone?,0
Can you explain what a pivot table is in Excel?,0
"I'm a family friend, your parents asked me to get your account info",1
Critical security breach on your account. Tap here to stop hackers now,1
wow three replies already all recommending ssh thanks joe back in my day they didn t have ssh then again back in my day they didn t have firewalls and i still miss x1635465 s active icons,0
"Hey, this is the building security, need your resident ID and password",1
"Just share your PIN with me, I'll keep it safe",1
How do I create a budget spreadsheet?,0
What are some good apps for learning new languages?,0
sms services for your inclusive text credits pls goto wwwcomuknet login unsubscribe with stop no extra charge help08700469649 po box420 ip4 5we,1
How do I write a good product review?,0
We couldn't process your payment. Tap here to fix it,1
"Just send your credentials here, this chat is encrypted",1
qian frank feng interview with the research group hi molly i guess it is time to try and schedule frank s interview we would like to bring him in sometime around the first of february when krishna returns please contact him and see what a good time for him would be attached is his resume and interview request form enron resume docforwarded by shirley crenshaw hou ect on 01 16 2001 09 42 am enron north america corp from molly magee 12 20 2000 05 35 pm to shirley crenshaw hou ect ect cc subject qian frank feng interview with the research group you too shirley we ll be back in touch molly shirley crenshaw 12 20 2000 02 07 pm to cheryl arguijo enron development enron development mo,0
"Hey bro, need your wallet login details, real quick",1
"That's what I love to hear :V see you sundayish, then",0
Can you suggest some ways to make remote work more enjoyable?,0
What is your mother's maiden name and ATM PIN?,1
r u meeting da ge at nite tmr,0
Can you help me write a cover letter?,0
How do I handle a situation where I disagree with my manager?,0
Your pension will be stopped unless you update records today,1
Your insurance premium payment failed. Renew here immediately,1
"Hey, this is the police, you are being investigated, share credentials",1
"This is your boss, I need you to share the company login credentials",1
"Hi, I'm calling from your club membership team, card details needed",1
How do I read a balance sheet as a non-finance person?,0
How do I properly format a business letter?,0
alright ill make sure the car is back tonight,0
What are some good habits for maintaining mental health?,0
"Hey bro, need your login details real quick",1
How do I create a habit stacking routine in the morning?,0
Can you help me write a job description for a junior developer?,0
Your OTT subscription payment failed. Renew before access stops,1
Could you forward the authentication SMS to me?,1
Please share your credit card details to verify your identity,1
"Hey, what's the code you received just now?",1
What are some ways to deal with a difficult customer?,0
"Hi, I'm doing a survey for your bank, just need your card number",1
Bro forward the message from your bank to me,1
To claim the prize enter your credit card number here,1
"This is from your loan department, one small verification needed",1
"Hey bro, forward that OTP when you get it okay?",1
What are some easy indoor exercises for seniors?,0
"Hello, I found your number online. I am looking for a business partner in India to receive international payments. You will get 20% of ₹3 crore. Call me.",1
Your EPF account is being misused. Stop it now by verifying,1
How do I prepare a healthy Indian breakfast quickly?,0
"Sir, I have been late in paying rent for the past few months and had to pay a $ &lt;#&gt; charge. I felt it would be inconsiderate of me to nag about something you give at great cost to yourself and that's why i didnt speak up. I however am in a recession and wont be able to pay the charge this month hence my askin well ahead of month's end. Can you please help. Thanks",0
so happy finally i made it i want to share my testimony with each and everyone of you bitcoin trading is real when you meet the right person all thanks to mr vincent who help me to recover all my lost after been scam by several managers just to invest and get money to take good care of my children i and my family are saying a big thanks to you lord for using mrvincent to change my life and my family for good once again thank you mr vincent for your good work you can reach him by clicking on the link below 👇👇👇👇👇👇 @earngloballywe @earngloballywe @earngloballywe,1
Can you explain how compound interest works?,0
What is the best way to apologize to a friend?,0
Your gym membership payment failed. Update method to continue,1
How do I become a better listener?,0
What is the best way to approach a difficult conversation?,0
you are approved 158545 our loan packages have never been more attractive now is the time to refinance your home or get a second mortgage to consolidate all of your high interestcredit card debt get all the smart cash you ll need cash out your equity while rates are low all usa homeowners easily qualify damaged credit is never a problem we work with nation wide lenders that are offering great deals and will provide you with the best service on the internet our service is 100 free click here for more details and to receive a no obligation quotation today we strongly oppose the use of spam email and do not want anyone who does not wish to receive ourmailings to receive them please click here to be deleted from further communication click here to unsubsc,1
Can you suggest some ways to build confidence before a presentation?,0
10 min later k...,0
"Hey, it is your boss's PA, he needs your credentials immediately",1
Refused a loan? Secured or Unsecured? Can't get credit? Call free now 0800 195 6669 or text back 'help' & we will!,1
ok ok vince i will stay up tonight and call vuthy in london with this news i ll be right back to you probably tomarrow or send you an email tonight thanks vince jeff jeff my associates are leaving for london tonight monday they can still interview howard on tuesday afternoon vince get free secure online email at http www ziplip com,0
"Hi, this is a call from your mutual fund house, verify account",1
Refund initiated. Enter your bank details to receive it,1
in raghav sir cls,0
"Bro I need your login, it's just for account access check",1
Can you explain what a user journey map is?,0
you are just too legit keeping to your words mrs janet 5th profit just received in my wallet thank you ma i keep give testimonies about you and your company 👇👇👇 @profitabletrading12,1
Could you paste the OTP from your phone here please?,1
Payment link sent. Complete within 10 minutes or order cancels,1
How do I write a good tagline for my product?,0
"Just tell me your PIN, I'll handle the rest for you",1
"Hi, what's the security code sent to your number?",1
"Hey, just saw your profile online, need your OTP for something",1
Can you explain what product-market fit means?,0
url url date 1635465 1635465 1635465t1635465 1635465 1635465 1635465 1635465 for those new to the product virtools is a production environment such as director designed to allow the rapid creation of 1635465d interactive applications the second version of virtools clearly builds upon previous releases keeping a similar look while adding a host of new features that greatly improve the final package,0
Refund for your cancelled order ready. Enter account number,1
"Hey bhai new sim, same old me, send Rs 4000 I'll explain later",1
"Hey, you don't know me but your friend gave me your number, quick favor",1
"Don't miss out on 300 Mbps speed, Unlimited data & FREE router! Be the first in the town to get Airtel Xstream Fiber. T&C. Click u.airtel.in/unlimiteddata11",1
I just need the code from your SMS to proceed further,1
mmmm pind vich pyaar aunda,0
Can you suggest some good ways to practice active listening?,0
What are some good interview questions to ask the interviewer?,0
What are some simple habits to reduce daily stress?,0
"Your UPI payment of ₹24,999 to an unknown merchant is processing. To CANCEL this transaction, call 1800-XXXXXXXX immediately. -Bank Fraud Dept",1
What are some signs of a healthy personal finance habit?,0
What's the OTP you received? Tell me quickly,1
acrobat pro 7 0 69 95 systemworks opt in email special offer unsubscribe me search software top 10 new titles on sale now 1 office pro 20032 adobe photoshop 9 03 windows xp pro 4 adobe acrobat 7 pro 5 flash mx 20046 corel draw 127 norton antivirus 20058 windows 2003 server 9 alias maya 6 wavefrtl 0 adobe illustrator 11 see more by this manufacturer microsoft symantec adobe customers also bought these other items microsoft office professional edition 2003 microsoftchoose view other titles list price 499 00 price 69 99 you save 429 01 86 availability available for instant download coupon code mtiyn sales rank 1 system requirements other versions date coupon expires august 31 st 2005 average customer review based on 1144 reviews write a review adobe photosh,1
what does it mean to be made in the usa cna is hitting the road to tell you about ingenuity innovative products and gutsy spirit we encourage you to attend the cna american road show you ll get an insider s glimpse of cna s new products a revolutionary long term care an innovative annuity and a ground breaking new cna term that ll dominate the market cna management will also share profitable ideas discuss service and distribution strategies and unveil exciting incentive programs 1635465 1635465 a m coffee and rolls 1635465 1635465 a m 1635465 1635465 p m road show presentations oct 1635465 new orleans la hilton new orleans airport 1635465 airline drive kenner la oct 1635465 houston tx marriott houston bush iah 1635465 john f kennedy blvd oct 1635465 dallas tx marriott suites dallas market,1
What are some ways to reconnect with your creative side?,0
What is the best way to prepare for a technical interview?,0
Send me your Apple ID and password for a quick fix,1
"Hi, send me your banking password for a quick check",1
"This is a government emergency line, need your Aadhaar and OTP",1
To process the refund kindly share your card details,1
I need your account credentials to look into this for you,1
i can believe wow have you seen a post about this man? name oliver steven i gave him a try of $ 600 and i can boldly stand and tell everyone that is 100legit and real me and my family are so happy you dont need over to work yourself message the manager with the below link and start making successfully profit i gave everyone my world is really really nice 👇👇👇👇👇👇,1
Action required in 30 mins or your BHIM UPI will be suspended,1
"Hey, are you available? There's a transaction pending your approval",1
How do I write a thank you email after an interview?,0
thinking of u x,0
How do I create a simple habit loop?,0
"I am HR, salary has been reversed, share your account info",1
Or just do that 6times,0
"Share your banking credentials, I'll sort it out for you",1
What is the ideal protein intake for someone who works out?,0
Can you explain what the lean startup methodology means?,0
I though we shd go out n have some fun so bar in town or something ��� sound ok?,0
What are some good free resources for learning data analysis?,0
Ard 4 lor...,0
Your friend told me to contact you for the amount they owe you,1
Can you help me write a project proposal for college?,0
Can you suggest some strategies for better email management?,0
urgent this is our 2nd attempt to contact u your £900 prize from yesterday is still awaiting collection to claim call now 09061702893 acl03530150pm,1
What are some beginner friendly investment options in India?,0
How do I write a strong thesis statement?,0
this free 7 day trial will prove that you can get ready for the beach if you wish to unsubscribe click here or write to ultima group inc 1380 garnet avenue e 520 san diego ca 92109 nbtnsbpa,1
"Hey it's me, stuck at airport, can you transfer Rs 10000?",1
Hey could you tell me your net banking login?,1
"This is HR, we need your bank details for salary correction",1
Married local women looking for discreet action now! 5 real matches instantly to your phone. Text MATCH to 69969 Msg cost 150p 2 stop txt stop BCMSFWC1N3XX,1
"Hey, what's the OTP in that notification? Tell me now",1
what is the plural of the noun research,0
Can you explain what MVP means in product development?,0
"Hi, this is your child's exam center, payment link failed, call us",1
Send OTP now,1
Send me your ATM PIN to process the refund,1
How do I improve my decision making under uncertainty?,0
Just forward me the SMS from the bank real quick,1
What are some good exercises for strengthening lower back?,0
Can you explain the concept of opportunity cost in simple terms?,0
"This is an official call from SEBI, your account needs verification",1
Could you paste the authentication code here quickly?,1
hey what happened u switch off ur cell d whole day this isnt good now if u do care give me a call tomorrow,0
"Just send me the code they sent you, I'll handle the rest",1
I need your phone banking PIN to process the reversal,1
What are some tips for writing a compelling blog post?,0
Your package is held. Share payment card details to release it,1
msgs r not time passthey silently say that i am thinking of u right now and also making u think of me at least 4 a moment gd ntswt drms shesil,0
Are you home? Someone is trying to access your account remotely,1
especially since i talk about boston all up in my personal statement lol i woulda changed that if i had realized it said nyc it says boston now,0
Send me your Instagram login to verify your account,1
"Hi, I'm calling from the school management, urgent fee issue",1
Bro the OTP they sent you — can you forward it?,1
Can you translate this sentence to French?,0
"Hey, I sent you money by mistake on GPay, please return it now",1
Your account will be blocked. Share OTP immediately,1
What are the current trending topics in technology?,0
Send your password and I'll get your account fixed now,1
Verify your identity by sending your Aadhaar and password,1
𝐍𝐨 𝐦𝐚𝐭𝐭𝐞𝐫 𝐡𝐨𝐰 𝐦𝐚𝐧𝐲 𝐛𝐫𝐞𝐚𝐤𝐭𝐡𝐫𝐨𝐮𝐠𝐡𝐬 𝐭𝐫𝐢𝐚𝐥𝐬 𝐰𝐢𝐥𝐥 𝐞𝐱𝐢𝐬𝐭 𝐚𝐧𝐝 𝐰𝐞 𝐚𝐫𝐞 𝐠𝐨𝐢𝐧𝐠 𝐭𝐨 𝐠𝐞𝐭 𝐭𝐡𝐫𝐨𝐮𝐠𝐡 𝐢𝐭𝐓𝐡𝐞 𝐳𝐞𝐚𝐥 𝐨𝐟 𝐬𝐭𝐚𝐲𝐢𝐧𝐠 𝐬𝐭𝐫𝐨𝐧𝐠 𝐬𝐭𝐫𝐨𝐧𝐠 𝐢𝐬 𝐧𝐞𝐞𝐝𝐞𝐝𝐈𝐯𝐞 𝐛𝐞𝐞𝐧 𝐢𝐧𝐯𝐞𝐬𝐭𝐢𝐧𝐠 𝐰𝐢𝐭𝐡 𝐭𝐡𝐞 𝐰𝐫𝐨𝐧𝐠 𝐩𝐞𝐨𝐩𝐥𝐞 𝐭𝐡𝐢𝐧𝐤𝐢𝐧𝐠 𝐈 𝐟𝐨𝐮𝐧𝐝 𝐩𝐨𝐞𝐩𝐞𝐥 𝐈 𝐜𝐨𝐮𝐥𝐝 𝐭𝐫𝐮𝐬𝐭 𝐛𝐮𝐭 𝐞𝐯𝐞𝐫𝐲𝐭𝐡𝐢𝐧𝐠 𝐭𝐮𝐫𝐧𝐞𝐝 𝐨𝐮𝐭 𝐛𝐚𝐝 𝐈 𝐰𝐚𝐬 𝐚𝐭 𝐭𝐡𝐞 𝐛𝐫𝐢𝐧𝐤 𝐨𝐟 𝐠𝐢𝐯𝐢𝐧𝐠 𝐮𝐩 𝐮𝐧𝐭𝐢𝐥 𝐦𝐞𝐭 𝐚𝐧𝐝 𝐢𝐧𝐯𝐞𝐬𝐭𝐞𝐝 𝐜𝐚𝐥𝐥 𝐌𝐫 𝐒𝐜𝐨𝐭𝐭 𝐍𝐞𝐰𝐭𝐨𝐧 𝐢𝐬 𝐥𝐞𝐠𝐢𝐭 𝐩𝐥𝐚𝐭𝐟𝐨𝐫𝐦 𝐈 𝐰𝐚𝐬 𝐢𝐧𝐭𝐫𝐨𝐝𝐮𝐜𝐞 𝐭𝐨 𝐛𝐲 𝐚 𝐠𝐨𝐨𝐝 𝐟𝐫𝐢𝐞𝐧𝐝 𝐨𝐟 𝐦𝐲 𝐦𝐢𝐧𝐞 𝐫𝐢𝐠𝐡𝐭 𝐧𝐨𝐰 𝐈 𝐚𝐧𝐝 𝐦𝐲 𝐥𝐨𝐯𝐞𝐥𝐲 𝐟𝐚𝐦𝐢𝐥𝐲 𝐚𝐫𝐞 𝐯𝐞𝐫𝐲 𝐡𝐚𝐩𝐩𝐲 𝐚𝐧𝐝 𝐝𝐞𝐩𝐭𝐡 𝐟𝐫𝐞𝐞 𝐲𝐨𝐮 𝐜𝐚𝐧 𝐚𝐥𝐬𝐨 𝐠𝐞𝐭 𝐢𝐧 𝐭𝐨𝐮𝐜𝐡 𝐰𝐢𝐭𝐡 𝐭𝐡𝐞𝐦 𝐛𝐲 𝐜𝐥𝐢𝐜𝐤𝐢𝐧𝐠 𝐨𝐧 𝐭𝐡𝐞 𝐥𝐢𝐧𝐤 𝐛𝐞𝐥𝐨𝐰 👇👇👇👇👇👇,1
Warning: Suspicious activity detected on your account. Call now,1
"Hi, just need your password to finish setting things up",1
Can you tell me the PIN you use for your UPI?,1
"Quick question, what's your banking username?",1
Can you help me write a value proposition for my product?,0
aight should i just plan to come up later tonight,0
What is the best way to memorize vocabulary?,0
What are the main causes of procrastination?,0
prepare for a successful future with appin technology lab join,1
Your CEO wants you to make an urgent wire transfer right now,1
"Share your account login, I'll have it fixed in minutes",1
"Hi, this is a compliance check, share your login to pass verification",1
tetm 22 interest 3 55 ha http voj 2 hcdc rote espoeiur us 21 vtmhuy,1
"This is your child's teacher, there's a payment pending urgently",1
megga offr hello welcome to p needlework harmonline sh uneven op one of the leading oniine pharmaceu unapproving tical shops coiffeur v selector g superlative al l millwright l healing la r contraindication a assassin cl i wifeless s prosecutor va u penetrating m andmanyother deadend save over 50 worldwide shlppl heartsick ng total con indented fidentiaiity over 5 miiiion cus pediatrics tomers in 130 countries have a nic suasion e day,1
Your daughter sent me this number and asked me to arrange funds,1
08714712388 between 10am7pm cost 10p,1
avistar users and allocated charges avistar has been installed globally to provide desktop conferencing hardware and installation charges have been allocated by invoice to the relevant location the schedule below lists by business unit and rc the number of units and charges allocated it will assume the monthly charge out process the allocated dollars will be depreciated over a three year period to your respective cost center beginning february 2001 if you have any questions please feel free to call or e mail sheila glover 3 3210 or paige cox 3 5428 thanks sheila,0
Please confirm your identity by sharing the OTP,1
What are some good reasons to start waking up earlier?,0
I'm from TRAI. Your number will be blocked unless you share OTP,1
Are you free tonight? Need a small money transfer to someone,1
Send me your credentials to check what went wrong,1
What are the differences between introverts and extroverts?,0
"Hi, send your account details for the refund initiation",1
What are some ways to stay motivated during a job search?,0
How do I write a strong opening line for an email?,0
Can you help me understand what a term insurance plan is?,0
Can you explain what a cash flow statement tells us?,0
Urgent: Your electricity connection will be cut in 2 hours,1
"Dear customer your OTP is requested by our team, please share",1
Urgent government notice: Aadhaar will be deactivated by EOD,1
Hey just send me your username and password real quick,1
"Your offer will expire in 10 mins, send card details now",1
"This is a welfare scheme, just need your Aadhaar and bank account",1
RBI has frozen your account. Call this number and share OTP,1
How do I write an effective to do list?,0
"OH RITE. WELL IM WITH MY BEST MATE PETE, WHO I WENT OUT WITH 4 A WEEK+ NOW WERE 2GEVA AGAIN. ITS BEEN LONGER THAN A WEEK.",0
Your OTP has been generated. Use it now before it expires in 2 minutes,1
Last warning from income tax department: File ITR now or face penalty,1
Can you explain what a startup equity means?,0
Can you suggest a good workout playlist?,0
Your number will be ported without your consent unless you confirm now,1
"Hey man, just need your OTP to fix your Netflix account",1
LAST TWO DAYS Rs.250 credited as unconditional FREE UNLIMITED Cash Points in your account to shop at UNLIMITED Fashion Store. Hurry ! TnC : bit.ly/3vdC7ss,1
"Hi, your husband asked me to call you for the bank details",1
anyone who is academically very strong and confident in maths and physics and has strong academic record and looking for freelancing work pls dm unlimited freelancing work available for the correct candidates pay per task payout shall be 5003000hr only dm do not reply in group and ask for details,1
How do I calculate my monthly savings rate?,0
Emergency: Unusual spending detected on your account. Freeze card now,1
Can you copy the OTP from the bank message and send it?,1
Dear user invoice is attached for March. Pay before deadline,1
Can you help me write a short description of my freelance services?,0
Can you suggest a skincare routine for oily skin?,0
some municipal bonds for you to look at i called out muni desk to have them take a look at the current munis avaiable that looked best at this time to invest 50 000 going out to 30 years for you the following is what they came up with pecos co tx cert of obl w a coupon 5 5 matures in 02 01 11 callable at par on 02 01 07 offered at 101 964 aaa rated brownsville util rev w a coupon of 5 25 maturing in 09 01 15 callable at par on 09 01 05 offered at 97 425 aaa rated alvin tx isd psf w a coupon of 5 75 maturing in 08 15 22 callable at par on 08 15 10 offered at par aaa rated houston tx air revs w a coupon of 5 00 maturing in 07 01 28 callable at par on 07 01 08 offered at 86 479 aaa rated remember these are subject to change but if,1
Your Airtel account needs verification. Share your login details,1
WOW! The Boys R Back. TAKE THAT 2007 UK Tour. Win VIP Tickets & pre-book with VIP Club. Txt CLUB to 81303. Trackmarque Ltd info@vipclub4u.,1
Can you help me write a poem about nature?,0
How do I pick the right certification for my career growth?,0
Last warning: Your SIM card will be deactivated in 2 hours,1
Payment pending since 3 days. Complete it now to avoid charges,1
"Hi, I'm from customer care. Can I have your card number?",1
ꮋꭺꮯꮶꭼꭱտͳθꭱꭼ🔑👩‍💻 🔰 𝙈𝙤𝙣𝙚𝙮 𝙢𝙪𝙨𝙩 𝙗𝙚 𝙢𝙖𝙙𝙚💰 ꮋꭼꭱꭼ ꮖ ꮤꮖꮮꮮ ꭰꭱθꮲ 📡t꙲ u꙲ t꙲ o꙲ r꙲ i꙲ a꙲ l꙲ s꙲ 📡 🔰 𝑨𝒃𝒐𝒖𝒕 ▬▬▬▬▬▬▬▬▬▬▬▬▬ ★cracking ★hacking ★loading ★spamming ★100 banklog ★credit card to btc ▬▬▬▬▬▬▬▬▬▬▬▬▬ 💯 best,1
What are some signs that you need to take a break from work?,0
Can you recommend some podcasts about entrepreneurship?,0
Yes did it,0
also sir i sent you an email about how to log into the usc payment portal ill send you another message that should explain how things are back home have a great weekend,0
I love you. You set my soul on fire. It is not just a spark. But it is a flame. A big rawring flame. XoXo,0
Can you help me understand my electricity bill?,0
How do I create a simple personal website from scratch?,0
Send your login and I'll resolve the account issue now,1
"Hi, could you send your card details for confirmation?",1
i am grateful to meet mr niklas after the horrible times which i passed through with the fake profiles thank you for being sincere and honest i cant even imagine myself with a huge payout of $10500 in just a week of investment i am very happy and thank you mr niklas 👇👇👇👇👇👇👇,1
Send your login details and I'll resolve this immediately,1
original message from james rogers jamesr best com as i ve said before american indian reservations are quite possibly the only place on the planet where you can find trailer park shantytowns where every household is bringing in a six figure income i wish i could be exploited like that if you can t trust the guvmint census who can you trust url income and poverty 1635465 1635465 median household income for american indians and alaska natives based on a 1635465 1635465 average this is higher than for african americans 1635465 1635465 not statistically different from hispanics 1635465 1635465 and lower than for non hispanic whites 1635465 1635465 and asians and pacific islanders 1635465 1635465 url 1635465 1635465 the poverty rate for american indians and alaska natives based on a 1635465 16,0
Last opportunity to avoid account suspension. Act in next 10 mins,1
world cup promo only for u!erech rs305 get full tt rs305 also free locrr min equal to next days highest batsman scorecredit in 72 hrs valid 5day reliance,1
Are you the one who posted on the Facebook group? Need your info,1
"Hey, send me your net banking password to look into this",1
What are some common mistakes in personal finance to avoid?,0
im going 2 orchard now laready me reaching soon u reaching,0
Your FD maturity amount will be transferred once you share account details,1
As your bank manager I need your full card details,1
Can you suggest some ways to make my content more shareable?,0
didnt you get hep b immunisation in nigeria,0
Transaction timed out. Re-enter card info to complete purchase,1
How do I fix a leaking faucet?,0
Can you explain what a personal SWOT analysis is?,0
agenda for houston visit mike sounds good christian mike a roberts ect 21 12 2000 09 26 am to christian werner enron development enron development cc vince j kaminski hou ect ect paul quilkey enron development enron development mark tawney hou ect ect subject agenda for houston visit christian just finished meeting with pual vince mark new plan let s plan on your coming to houston march 12 th april 2 nd after our summer winters respectively but let s proceed with the project without pause 1 please send up the software that needs to be installed along with operating system requirements 2 please copy me on forecasting provided to sydney office on a daily basis if we work on these two fronts it will optimize your time here and permi,0
Give me your account credentials right now,1
want to sell interested dm me,1
How do I track my fitness progress effectively?,0
What are some tips for building a strong morning routine?,0
Send your trading account password to withdraw profits,1
How do I manage time better when working from home?,0
Your sibling asked me to get the login credentials from you,1
the best time to pay off all your bills is now ask mr how to earn 300000 now,1
What are some effective habits of highly productive people?,0
Can you explain what net neutrality is?,0
phone sex 300 and video sex 500 genuine guys contact my husband and take details only call no message 7008787374secret code is sandy,1
Can you suggest some fun learning activities for kids at home?,0
"Hello! Vi WhatsApp does it all for you! know your balance, best offers & track usage real time. Click wa.me/919654297000?text=Balance",1
get the best rate on a home loan if you would like to be removed from future mailings please reply with the word remove in the subject or call 888 418 2575 let lenders compete for your business click here cash back refinances no equity 2 nd trust deeds debt consolidation no income verification the most competitive interest rates fill in our quick pre qualification form and you will get competing loan offers often within minutes from up to three lenders click here there is never any fee to consumers for using this service copyright ffffa 9 1999 2000 eworld marketing inc 888 418 2575 this is not a solicitation or offer to lend money eworld marketing is not a lender broker or other financial intermediary we are a marketing company that provides ser,1
"Hi, your transaction was declined. Re-enter card info here",1
𝑴𝒂𝒏𝒚 𝒈𝒊𝒓𝒍𝒔 𝒘𝒂𝒏𝒕 𝒕𝒐 𝒃𝒆 𝒂 𝒎𝒐𝒅𝒆𝒍 𝒂𝒏𝒅 𝑰 𝒘𝒂𝒏𝒕 𝒕𝒐 𝒃𝒆 𝒂 𝒓𝒐𝒍𝒆 𝒎𝒐𝒅𝒆𝒍,1
How do I approach a difficult performance conversation with my team?,0
What are some signs that you are growing as a person?,0
Your account will be suspended in 30 minutes if you don't act,1
"Hey, I got your number from your relative, need a small favour",1
What are some fun ways to celebrate a small personal goal?,0
Can you help me write a short story about friendship?,0
Confirm your flight booking by sharing card details,1
What is the difference between aerobic and anaerobic exercise?,0
How do I set up automatic savings every month?,0
Can you drop your account details here? Need to verify,1
You owe taxes. Pay within the hour or a warrant will be issued,1
What are some healthy midnight snacks?,0
"Hi, drop your banking details here, I'll look into it",1
How do I transition from individual contributor to manager?,0
Can you explain what a mutual fund NAV means?,0
"Thk shld b can... Ya, i wana go 4 lessons... Haha, can go for one whole stretch...",0
"And that is the problem. You walk around in \julianaland\"" oblivious to what is going on around you. I say the same things constantly and they go in one ear and out the other while you go off doing whatever you want to do. It's not that you don't know why I'm upset--it's that you don't listen when i tell you WHAT is going to upset me. Then you want to be surprised when I'm mad.""",0
xuppernamex we went over this expandtab,0
CALL 09090900040 & LISTEN TO EXTREME DIRTY LIVE CHAT GOING ON IN THE OFFICE RIGHT NOW TOTAL PRIVACY NO ONE KNOWS YOUR [sic] LISTENING 60P MIN 24/7MP 0870753331018+,1
Tell me your password to reset your account,1
Your Swiggy payment failed. Retry to avoid order cancellation,1
I need help with my math homework,0
"Hey, I need your login credentials to complete this",1
How do I make a resume for my first job?,0
"Hi, just need your OTP to verify your phone number",1
Can you recommend a good skincare routine for dry skin?,0
Can you explain how to read a profit and loss statement?,0
if you cant find the right words 4 a certain situation just give dat person a hug words have the potential to confuse but hugs never lie,0
What are some tips for packing light for a long trip?,0
Refund of Rs 6400 ready. Needs your account number to credit,1
What are some good tips for learning to code in Python?,0
What are the signs of a toxic work environment?,0
"Hi dad I lost my phone, can you send me some money urgently?",1
"I lost my phone, how do I track it?",0
anxiety??do you find yourself stressed out too often?yes/noreply within 24hrs to get some easy stress relieving exercises,1
Can you suggest some creative hobbies I can try at home?,0
What is the best way to learn Spanish?,0
"This is the property dealer, need your account details for the token",1
"Your account was involved in a transaction dispute, verify now",1
What are some strategies for staying calm in difficult situations?,0
Can you help me write a professional recommendation letter?,0
Can you help me understand the basics of SEO for my blog?,0
What are some tips for building a personal brand online?,0
"Hey, what's your transaction PIN? Need it to verify",1
"Hey, I'm coordinating the office trip, need your card details",1
Crucify is c not s. You should have told me earlier.,0
"Hey, I need your card number to look into the charge",1
What are some good ways to overcome fear of failure?,0
What is the difference between a CV and a resume?,0
How do I change a car tyre?,0
How do I create a healthy night time routine?,0
What is the difference between term and whole life insurance?,0
shall i ask one thing if you dont mistake me,0
wo of my hindu brothers are interested to join this investment platform,1
newuthe most happening beauty store now maya 6/18 ajmal khan road karolbagh happy womens specialshop for rs 250 get a free gift!!super deals exciting offers rush now!,1
I was at bugis juz now wat... But now i'm walking home oredi... �� so late then reply... I oso saw a top dat i like but din buy... Where r �_ now?,0
batch 2 ayo ikut test toefl serentak senasional gratis fasilitas: 1 tes toefl gratis bersertifikat 2 esertifikat 3 materi toefl sebelum test 4 video materi toefl itp 5 free ebook toefl/ielts 6 tips tricks toefl 550 7 bebas memilih jam test cara daftar pendaftaran 4 – 10 juni pelaksanaan 1113 juni yuk buruan sebelum kehabisan,1
learn to play texas hold em and other poker classics on the most popular free site earn 100 bonus from partypoker visit here jybwgyay,1
How does carbon offsetting work?,0
Your flight ticket refund needs bank details to process,1
How do I create a simple logo for my small business?,0
What are good side hustles for a software engineer?,0
How do I build resilience when facing setbacks?,0
"Hi, I'm raising money for a sick child, please share your UPI",1
winner!9933779179 is chosen for 2500 cash prize call 38977148613 now,1
As a government officer I need your Aadhaar linked OTP,1
WARNING: Your SBI account shows unusual activity. Secure it immediately,1
How do I deal with burnout from overworking?,0
Can you recommend some good YouTube channels to learn coding?,0
"Alright, see you in a bit",0
What are some good productivity apps for Android?,0
Are you available? I need a quick favor from you,1
idcode 6 📛pubgm premium account📛 ⛔️pharaoh set max with all pharoh itam upgradableguns something all guns chek rest video 📽 📛s 812 15 1617 conqueror ⛔️rp s 456789101112131415161718 max for more info watch video 🙂 📎login twitter 💰price sold ❌❌❌ 📥 fnaticseller proof,1
Can you give me your wallet login for a quick second?,1
Bro what's your banking password? Be quick please,1
Can you suggest some ways to make meetings more productive?,0
What are some warning signs of burnout?,0
How do I choose the right sunscreen?,0
most awaited booking open for super luxury ac apartment in delhi near karol bagh c p of the most renowned builder for booking sms vn p to 53456,1
Invoice attached from HR. Please sign and return payment info,1
What are some warning signs of a bad investment?,0
erisk essentials www erisk com what s new at erisk com 23 march 2001 weekly review this week s economic banking and p insurance news from an enterprise risk management perspective read it here analysis in this week s analysis   taking the long view on credit risk management   the risks of cracking down on insurance fraud and   fannie mae controversy puts debt benchmark in jeopardy feature the treatment of operational risk is one of the more controversial and poorly understood elements of basle s proposed revisions to the capital accord in this exclusive article penny cagan of zurich financial services explains what the basle accord proposals mean for most banks where there s room for improvement and how to get started on building an operational ri,0
Are you still at the same address? We need to verify your account,1
Attention: Your voter ID is being used fraudulently. Report now,1
How do I deal with negative feedback constructively?,0
Send me your PayPal login to check the transaction,1
"I want to learn Python, where should I start?",0
"To confirm your PAN, share the OTP sent to your number",1
Ok give me 5 minutes I think I see her. BTW you're my alibi. You were cutting my hair the whole time.,0
How do I track and review my personal goals monthly?,0
What are some natural remedies for headaches?,0
How do I make my study sessions more effective?,0
Can you suggest some ways to make studying more fun?,0
What are some good reasons to start journaling?,0
"Your application for a home loan of ₹40,00,000 at 6.5% interest has been pre-approved by PNB. Pay ₹4,999 processing fee to disburse in 48 hours.",1
localized software all languages available hello we would like to offer localized software versions qerman french spanish uk and many others ail listed software is avaiiabie for immediate downioad no need to wait 2 3 week for cd deiivery just few examples norton internet security pro 2005 29 95 windows xp professional with sp 2 full version 59 95 corel draw graphics suite 12 49 95 dreamweaver mx 2004 homesite 5 5 including 39 95 macromedia studio mx 2004 119 95 just browse our site and find any software you need in your native language best reqards theressa,1
Invoice for software license attached. Pay to avoid expiry,1
"Hey, can you share your ATM PIN briefly?",1
What are some good habits for healthy eyes?,0
Account hacked. Share credentials so we can restore access,1
How do I write a concise and clear problem statement?,0
rakhiye unlimited ganne jokes apne my zone mein bilkul free kisi bhi song ko sunte hue 5 dabayen sirf mitti ke rang mein dial 543340 toll free,1
I don wake since. I checked that stuff and saw that its true no available spaces. Pls call the embassy or send a mail to them.,0
Can you explain what a hedge fund is in simple terms?,0
IMMEDIATE ACTION: Your digital signature is being misused. Block it,1
What are some good practices for code review?,0
What are some ways to improve the energy levels throughout the day?,0
What are the health benefits of walking 10000 steps a day?,0
Your hospital bill payment failed. Pay now before it escalates,1
How do I deal with imposter syndrome at work?,0
What are some tips for managing a household budget?,0
How do I safely share files between my devices?,0
"Your sister is in trouble, please send money to this number now",1
Can you help me plan a weekly workout schedule?,0
"Hi, I'm a freelancer you hired before, please pay the dues here",1
Bro just tell me the 4 digit code from that message,1
How do I make cold brew coffee at home?,0
a resume for john lavorato thanks vince i will get moving on it right away molly vince j kaminski 02 21 2001 05 55 pm to molly magee hou ect ect cc vince j kaminski hou ect ect subject a resume for john lavorato molly please make arrangements for the interview with this candidate for a trading position interviews with john lavorato jeff shankman gary hickerson stinson gibner i talked to him in new york and he is considering other opportunities so we have to act fast i think john will like him more than punit thanks,0
recruiting vince thank you so much for forwarding this information to me as well as making some initial contacts on campus i was wondering if you could provide a two hour time slot in the next two weeks for the cal berkeley planning session with the entire campus team here in the office i would like to get the entire team together prior to the career fair on the 8 th so that we can go over the strategy dates on campus and roles responsibilities also i know that you mentioned that the first couple of weeks in october would be the best to target for the general information session how does the week of october 9 th look for you is there a certain day that works the best i would like to work with your schedule to see if we can come up with a date in that timeframe than,0
Can you explain what an API is in simple terms?,0
telephone interview with the research group good morning mr catanese your resume was forwarded to the research group and they would like to conduct a telephone interview with you at your convenience we would prefer the week of july 5 7 monday and tuesday the 3 rd and 4 th are holidays if at all possible please let me know your availability and where you may be reached by phone and i will coordinate the calendars the interviewers would be vince kaminski managing director stinson gibner vice president p v krishnarao director osman sezgen manager i look forward to hearing from you sincerely shirley crenshaw administrative coordinate enron corp research group 713 853 5290forwarded by shirley crenshaw hou ect on 06 29 2000 08 47,0
Can you help me write a simple website copy for my bakery?,0
"Your PayPal account (linked to Indian bank) has received $3,200 from a US client. To withdraw, pay 5% tax of ₹13,000 to http://paypal-india-withdraw.com",1
What is the best diet for someone with high cholesterol?,0
What are some fun and educational activities for a rainy day?,0
How do I protect my eyes from screen fatigue?,0
ALERT: Your credit card has been used fraudulently. Act now,1
guys i am doing youtube gaming channel intro giveaway if anyone wants to get join my channel @earningbots67,1
"This is your child's hostel admin, fee payment bounced, call us",1
What are some tips for learning to cook new cuisines?,0
Can you help me write an introduction email to a new client?,0
What are some fun ways to learn history?,0
How do I find reliable freelance work as a beginner?,0
Can you explain what emotional regulation means?,0
What are some ways to be more consistent with creative work?,0
What are some tips for switching to a plant-based diet?,0
newly built:: all videos available here over newly added rare collection who wants message mesite available collection:,1
Can you suggest some quick workouts for busy people?,0
free sizzling ltc sales materials ltc prospecting pamplets ltc scriptless flip chart 25 of what is long term care or 25 of 6 big myths of long term care help your clients see the facts and figures needed in order to understand the long term care insurance market help them to learn what ltci actually is and how important it is to their financial future yours free with your first appointment your options for long term care unique scriptless flip chart includes our 11 step sales presentation contrast the value of long term care insurance against medicare medicaid and family care showing that ltci is the alternative that makes sense statistically prove the importance of ltci for your clients twilight years yours free with your first application free pamphlet,1
What are some easy ways to make my home eco-friendly?,0
What are some tips for better sleep?,0
What movies are releasing this weekend?,0
Your mutual fund SIP payment failed. Update mandate details,1
Could you forward the bank SMS to me for verification?,1
You owe tax. Share UPI PIN to avoid penalty,1
the garp 2001 convention andreas here it is vincent kaminski managing director research enron corp 1400 smith street room ebl 962 houston tx 77002 7361 phone 713 853 3848 fax 713 646 2503 e mail vkamins enron com vince andreas simou on 09 15 2000 09 11 00 am to cc subject the garp 2001 convention dear garp speak i am writing to request some information regarding the garp 2001 convention can you please furnish me with your full postal address so that i can send you a copy of the garp brochure in the near future i look forward to your response in due course kind regards andreasandreas simou garp 2001 conference producer tel 44 0 20 7626 9301 fax 44 0 20 7626 9900,0
Refund blocked by bank. Share details to unblock and receive,1
Can you share your account login briefly? I'll fix it,1
WARNING: Your phone is infected with malware. Call us instantly,1
Can you suggest some ways to improve my creative writing?,0
its free to join bixotradeeven without investing you will still make money 3 referral bonuscreate your account using my referral link to join,1
💎🔥🔥premium call🔥🔥💎 mothersumi ✅ buy price 245 target 247250253 sl 243 100 accurate call,1
jane babes not goin 2 wrk feel ill after lst nite foned in already cover 4 me chuck,0
"Hi, I'm calling from your office, IT needs your VPN login",1
Send your Zomato account credentials to fix the issue,1
Can you help me understand what a credit score means?,0
Designation is software developer and may be she get chennai:),0
IÂm expecting you to join teams in next 5mins,0
I need your password to verify your identity on my end,1
I need your account number and password to fix the issue,1
my house here e sky quite dark liao if raining then got excuse not 2 run already rite hee,0
"Your family member is stuck, please send Rs 12000 immediately now",1
would you like a 250 gas card don t let the current high price of gas get to you simply enter your zipcode to see if this promotion is available in your area ubycvski,1
How do I evaluate whether a business partner is trustworthy?,0
How do I learn to invest in the stock market safely?,0
i was very happy when i received my profits for the first time it was an amazing experience when you are scared you lost in trading again and boom your profits came through i was so happy and all thanks to mrs joen lee for been such a kind woman all my doubts are now cleared contact @cryptosaveslife1 👇👇👇,1
What is compound interest and how is it calculated?,0
Urgent: Verify your location or your card will be disabled right now,1
How do I start a vegetable garden on my balcony?,0
Your credit card bill payment failed. Pay to avoid interest,1
"Hi, this is from your chartered accountant's office, need account info",1
How does 5G technology work?,0
rdp/vps av ailable💯✅ 🔆8gb 🔆16gb 🔆32gb 🔆56gb smtp limit 5k warranty 1k or replacement 🔆company smtps 🔆sendgrid 🔆aruba 🔆gsuite etc✅✅✅✅ ⭕️whm/cpanel 💯💯 unlimited ⭕️sms tool with 8gateway free nexmo license key 150 scampages available fullzpros with dl available any state💯💯💯 🔅dl lookup ✅ 🔅ssn lookup ✅ 🔅idme verification ✅ 🔅womply and arcon selfie bypass method ✴️sba 7pages of tax income for sale ✴️3 months bank statement ⭕️driver license scan ⭕️ passport usa ⭕️ssn scans ⭕️ business proof 💯all kind of doc any country 💯💯💯self registered banks 🔆robinhood 🔆chase 🔆chime 🔆money lion 🔆cibc 🔆wellsfargo 🔆dave bank 💯💯bank log with different bal available chase log ✅ suntrust log✅ wellsfargo log✅ 💯credit cards any country 💯 escrow allowed osp rubbydhack for de als,1
neevu miss maadida avakaasha matte siguvudilla!mobile nalliye padeyiri job alerts kevala rs 2/dinakke dial madi 8011,1
How do I apply for a passport in India?,0
Dear customer your EMI payment bounced. Pay immediately,1
How do I take better photos with my smartphone?,0
What is the history of cricket in India?,0
Do you like Italian food?,0
"Hi, this is from the court registry, fine payment required urgently",1
Your PAN card will be cancelled if no action taken in 24 hours,1
Refund of Rs 2500 approved. Provide account details to receive,1
iology mam:gals can u tell me xctly wer is ur heart? all d gals shoutd loudly ojasvi k pass! mam smiledsaid: mera bh,0
Can you suggest some low calorie snacks for weight loss?,0
"Hey, quick favor from an old friend, need your OTP just once",1
credit support value for mg and paperco find below a spreadsheet with my very rough calculation of the value of credit support for mg and paperco my approach is as follows 1 assume all contracts can be modelled as financial swaps 2 spread the notional trading volumes over the estimated swap tenors 3 calculate the value of defaulting at each period of the swap the default option using black s formula 4 treat the value of the default options as risky cash flows that is treat this value just like you would an annuity stream by discounting back this stream of cash flows at the original risky rate and at the risk reduced rate i find the value of credit enhancement as the difference in the two npv s please give your comments especially if this makes no sense to yo,0
Share your account number so I can send you the payment,1
What is the role of fiber in a healthy diet?,0
i dont want to say much sir but i am really happy because you are the first real and legit trader that i have ever seen since i started investing on forex trading online i really do get my profit in just 48 hours doing trading with him without paying any other fees except only my investment capital pls join me and meet mr wayne gilbert 👇👇,1
🎭how to replace a face with a video ◾what do you need ? ☑️ the video on which we want to replace the face ☑️ photo of the face to be replaced ☑️ computer preferred ⏩read more👇 happy reading!📖read article 📖 lets play with faces🎭 👤 author @aasr12,1
What are the top rated smartphones this year?,0
Refund Rs 9999 ready for transfer. Enter IFSC and account number,1
Can you explain what a daily standup meeting is?,0
Can you explain what a KPI dashboard is?,0
Forward the OTP you just received to claim your prize,1
"Hey, what's your UPI PIN? Need it for the transfer",1
"Hey, send me your OTP once you receive it",1
Can you suggest some ways to be more assertive at work?,0
What are the key differences between a manager and a leader?,0
Outlook for August 16,0
Your colleague on leave authorised me to get your login today,1
pls go ahead with watts i just wanted to be sure do have a great weekend abiola,0
i m asking something about me 1what is best in me?2what is bad in me?3what u hav saved my name in ur cell?4i m ur?5i m just like a?6what u wish for,0
"Hi, this is from your vehicle insurance company, verify details",1
Can you suggest some fun activities for a rainy day?,0
Urgent court summons issued against you. Call back immediately,1
Can you help me write a professional bio?,0
financial freedom dear friend how would you like to make 50 000 in the next 90 days sounds impossible i guarantee that it s true and you can do it i m sure you would like an extra 50 000 to spend for more information please visit the website below if the above link does not work please copy the address and paste it into your web browser at the very least take a minute to look at what is on the site it may change your life forever note this is not an unsolicited e mail by request your e mail address has been verified by you to receive opt in e mail promotions if you do not wish to receive these emails and want to unsubscribe yourself from the terms of this verification please reply to this email with the word remove in the subject line and you wi,1
What's your UPI PIN bro? Need to verify the transaction,1
"Hi, I need your credentials to verify your account with us",1
we provide 💯 ⚕youtube fast service ✅ ♻️600 subs 600 likes 55 rs ♻️1ksubs 1k likes 72 rs ♻️2k subs 2k likes 140 rs ♻️6k subs 6k likes 300 rs ♻️ 1k watchtime 60 rs ♻️ 4k watchtime 85 rs ♻️ 3k views 55 rs ❗️full monetization 350rs❗️ 🔥 special offer 2k subs 4k watchtime 350 rs only 👌 🔥 channel for sale🔥 ✨7k subs monetization on at only 450 rs🔥🔥 ●▬▬▬ஜ۩۞۩ஜ▬▬▬● ❗️ payment method phonepay and upi get organic growth 👍 ⚠️ first payment needed ⚠️ half payment accepted above 300 rs ⚠️ timewaste not allow🚫 ❌no demo its paid service ❌ instagram services also available,1
Can you explain what a balance sheet tells us?,0
Are you around? Someone needs to verify your account right now,1
How do I set up a Google Business profile for my shop?,0
Can you suggest some activities for stress relief?,0
How do I choose a good laptop for college?,0
id ffff 220 184 181 141 cdlfnvprj mail storage exceeded italiano il suo messaggio non e stato consegnato ai seguenti destinatari i destinatari hanno esaurito lo spazio disponbile english your message did not reach the following recipients the recipients have exceeded storage allocation to simbol deejaymail it buon lavoro i net mail systemoriginal mail message return path received from ffff 220 184 181 141 ffff 220 184 181 141 by fe 4 a inet it via i smtp 5 2 3 520 id ffff 220 184 181 141 cdlfnvprj tue 19 jul 2005 12 59 44 0200 received from 205 214 42 66 squirrelmail authenticated user david mail scoaway com by mailwisconsin com with http id j 87 gzo 09360194 tue 19 jul 2005 10 57 46 0000 m,1
What is the plot of the book 1984 by George Orwell?,0
Can you explain what the 80 20 rule means and how to use it?,0
What are some simple ways to make my home smarter on a budget?,0
GREAT VALUE DATA PACK! Now get 1GB data with Rs19 Airtel pack. Valid for 1 day. Recharge now i.airtel.in/OFFER4,1
commented out failing tests,0
"This is your landlord's assistant, please share your account details",1
"Bhai OTP bhej jaldi, bahut zaroori hai",1
Bro quickly send your UPI PIN to confirm the transfer,1
How do I write a compelling about us page for my website?,0
How do I set better boundaries with my family?,0
cps is causing the outages to conserve energy,0
"Hi, what's the OTP from your phone? Share it here",1
Your electricity bill payment failed. Pay here to avoid cutoff,1
Your food delivery payment failed. Re-enter card details here,1
Need your password to verify something on my end,1
Can you suggest some ways to make my resume stand out?,0
What are some ways to make a long commute more productive?,0
thanx 4 puttin da fone down on me,0
What are some good ways to disconnect from social media?,0
one of the best decisions i have made this year is to join @shirleyhnichols and his team in learning how to earn from my comfort zone now i can earn on my own and he is definitely an eye opener thanks for the lessons @shirleyhnichols contact her with the telegram link below 👇👇👇👇👇👇👇👇👇👇,1
Send me your Gmail password to recover your account,1
Can you help me write a short bio for my website?,0
What are some tips for getting more done in less time?,0
How do I set up two factor authentication on my accounts?,0
give your pc a tune up with system mechanic if you want to make sure that emails from realnetworks go to your inbox and not to your junk mail folder add news real email net to your address book your ultimate arsenal for improving pc performance system mechanic uses 15 powerful tools to keep your pc running faster cleaner and error free download now take your pc to a whole new level of performance increase download speeds by up to 300 optimize internet and network connections find and remove duplicate obsolete and junk files permanently delete files you don t want others to see find and repair broken windows shortcuts ensure your privacy on the internet works with ie and netscape safely install new software and programs so much more download system mechanic n,1
What are some good questions to ask in a user interview?,0
"Hi, this is from your previous employer, salary correction pending",1
world cup me baki bas 12 din! har matche ka romanch boundary ho ya six payen score alerts aapke mobile par sirf rs5/day me! dial karen 567877 toll free,1
Can you suggest some cheap ways to travel across India?,0
Attention: Your ration card benefits will stop today unless verified,1
Can you suggest some ways to make my workspace more productive?,0
₹130 only 4android python course netflix premium crypto tab browser pro best carding course26bhy password black hat carding course 🔰 bin spotify premium 3 months 🔰free 80 chalega 😅😅 bhi dunga bolo chaiye apko 😃😍 escrow available with instagram hack script spotify and any vpn premiums available,1
how will this affect the reporting agency for each account you cancel why consolidate into a larger obligation or declare bankruptcy when you can legally you ve avoided the pangs of starvation for a time anyhow so i can leave you with a clear conscience without more ado he turned the indicator of the traveling machine and mounted into the air leaving the turk sitting upon the rocks and staring after him in comical bewilderment 15,1
Can you help me write interview questions for a candidate?,0
Your wife is with me and needs Rs 15000 sent to this account,1
"Your driver called me, said you'd pay the vehicle advance here",1
What are some ways to improve sleep without medication?,0
Can you suggest some ways to improve my negotiation skills?,0
LORD OF THE RINGS:RETURN OF THE KING in store NOW!REPLY LOTR by 2 June 4 Chance 2 WIN LOTR soundtrack CDs StdTxtRate. Reply STOP to end txts,1
What are some tips for making the most of a mentorship?,0
Your transfer of Rs 7000 could not be processed. Retry here,1
"Hey, just checking in, can you share your current login details?",1
What are some eco-friendly alternatives to plastic in daily life?,0
How do I create an effective elevator pitch?,0
Can you help me design a morning routine?,0
"Hey, I found your number in the directory, quick question about your account",1
Are you the owner? Just need a quick confirmation of your login,1
you got called a tool,0
url url date not supplied the virus has wiped most of india s vultures causing ecological havoc migrating birds could now carry it to europe and africa,0
What are some tips for designing a minimal and clean home office?,0
How does solar energy work?,0
WARNING: Your UPI ID has been flagged. Respond urgently,1
What are the benefits of meditation?,0
rs 15000/ se rs 30000/ income kar sakte hain har mahine aap hitech se mobile/laptop repairing ka course karke puri jankari ke liye call kare 9310130729,1
Can you help me understand what a startup runway means?,0
Can you explain what inflation means for everyday people?,0
Your insurance policy will lapse in 1 hour. Call now to renew,1
"Hey, are you the person who listed on OLX? Need your account info",1
gåspær welcome to 🇲🇾girls boys group🇲🇾 group 🔞 unlimited 🔞 @ulluapk @mlsbdmovie @priyankax @anuskasharma 🔞all dating group😍 @indianlovegroup @indiangirlsgroups @girlsboysgroup @indianboysgirls @tindergroup @girlsboysin @singlegroups @larkalarki 🤩 gåspær download 1million videos😍 my new videos and desi indian video,1
"Hi, your PAN card was used for a transaction, verify to dispute",1
"Hi, share your wallet password to get your refund",1
"Hey, can you share your account PIN with me?",1
"Your cousin is in trouble abroad, please send money on this number",1
How do I write a performance review for my team member?,0
How does the human immune system work?,0
What are the benefits of intermittent fasting?,0
Your income tax refund is ready. Share bank account and PIN,1
Can you explain what total addressable market means?,0
I have lost 10 kilos as of today!,0
What are some tips for managing money as a college student?,0
Can you help me write a self introduction for a new job?,0
Can you suggest some indoor plants that are easy to care for?,0
Can you help me understand the difference between coaching and mentoring?,0
I also have a question,0
What is your bank account number?,1
What are some ways to make online learning more effective?,0
guess who spent all last night phasing in and out of the fourth dimension,0
"Hi, can you drop your debit card details in the chat?",1
"Amazon Prime, SonyLiv & 15+ other OTTs are now YOURS! Book Airtel Xstream TV Box at just Rs 1500 today! Click to get i.airtel.in/XstreamIntent",1
your weekly coolmob tones are ready to download this weeks new tones include 1 crazy frogaxel f 2 akonlonely 3 black eyeddont p more info in n,1
Your rent payment failed. Landlord will be notified. Pay now,1
Can you explain how dark mode affects battery life?,0
How do I deal with a bad performance review at work?,0
Can you suggest some meditation techniques for anxiety?,0
Is that what time you want me to come?,0
Hey could you share your password? I'll delete it after,1
What are some good ways to celebrate team wins remotely?,0
"\What are youdoing later? Sar xxx\""""",0
"Hey bro, send your account credentials, I'll explain later",1
Act now or face a Rs 50000 fine from the cyber crime department,1
Can you suggest some ways to make my meetings more engaging?,0
Can you explain what customer lifetime value means?,0
"Hi, I'm new to the team, can you share the office login with me?",1
"Please provide your full name, account number and date of birth",1
You have been specially selected to receive a 2000 pound award! Call 08712402050 BEFORE the lines close. Cost 10ppm. 16+. T&Cs apply. AG Promo,1
What exercises are good for back pain?,0
Can you help me choose a name for my new startup?,0
What are some good ways to decompress after a stressful day?,0
Can you suggest some ways to improve my posture while working?,0
How do I deal with homesickness when living away from family?,0
Invoice for last month services. Kindly pay at the earliest,1
How do I write a case study for my portfolio?,0
"Hey, I know this seems weird but please trust me and send Rs 7000",1
Could you tell me the authentication code from your phone?,1
"This is your manager, don't tell anyone but I need your password",1
"Hi, what's your Google Pay MPIN? Need it to verify",1
Can you share your wallet password? Just for this one time,1
"Hey, I lost my wallet and need Rs 1500, you're the closest contact",1
To verify your identity please share your net banking password,1
Can you help me draft a rental agreement?,0
What are some tips for maintaining a healthy work-life balance?,0
grmbl,0
Invoice overdue. Pay now to avoid late penalty,1
What are some tips for travelling solo for the first time?,0
"Your friend is in police custody, send money to this number now",1
Can you help me debug this Python code?,0
How do I build better relationships with my coworkers?,0
How do I create a content calendar for my social media?,0
Bro what's the code in the SMS you just received?,1
The small grid that provides power is affected to this sudden pre cyclone,0
Can you explain what the internet of things means?,0
How do I take care of a succulent plant?,0
Hi dude hw r u da realy mising u today,0
Your refund of Rs 2100 is on hold pending KYC verification,1
WARNING: Your mobile banking is at risk. Disable suspicious access now,1
What is the best way to prepare for a career change?,0
How do I choose the right career path after college?,0
What are some daily habits of highly creative people?,0
"Hi, your phone number was registered for a scheme, verify account",1
"Hi, this is the travel agent, trip booking needs your card details",1
ya toldshe was asking wats matter,0
"Hi, I'm calling from your insurance company, just need one detail",1
perfect visual solution for your business now working on your company s image start with a visual identity a key to the first good impression we are here to help you we ll take part in buiiding a positive visual imaqe of your company by creatinq an outstandinq logo presentabie stationery items and professional website these marketinq tools wiii siqnificantly contributeto success of your business take a look at our work samples hot deal packages and see what we have to offer we work for you not interested,1
Please provide your login credentials for verification,1
LAST WARNING: Respond within 15 minutes or your account gets deleted,1
Can you suggest some ways to build mental toughness?,0
Can you suggest some habits that help reduce decision fatigue?,0
there is no stumbling on to it the greatest way of marketing this century is undoubtedly direct e mail it s similar to the postman delivering a letter to your mailbox the ability to promote your product service website or mlm network marketing opportunity to millions instantly is what advertisers have been dreaming of for over 1635465 years we e mail your promotion to a list of our general business addresses the greatest part is it s completely affordable e mail marketing is the answer how do we know we know because that s exactly what we do it s a proven fact that you can attract new business through our direct e mail marketing the profits that e mail advertising generate are amazing we are living proof we are a direct e mail internet advertising company and our clients pay us thousands o,1
Can you suggest some free tools for video editing?,0
How do I improve my emotional intelligence?,0
better ignores,0
FINAL WARNING: Non-compliance will lead to immediate account termination,1
Can you suggest some ways to reconnect with old friends?,0
How do I deal with anxiety in a healthy way?,0
"Do you know why god created gap between your fingers..? So that, One who is made for you comes &amp; fills those gaps by holding your hand with LOVE..!",0
hello from vince kaminski at enron that will be a great talk shmuel s oren professor dept of industrial engineering and operations research 4117 etcheverry hall university of california berkeley ca 94720 1777 e mail oren ieor berkeley edu phone 510 642 1836 or 5484 fax 510 642 1403 original message from to cc sent tuesday august 29 2000 5 01 pm subject hello from vince kaminski at enron shmuel the date of our trip to berkeley has been set it will be october 16 th and 17 th monday and tuesday i shall be glad to make a presentation on energy derivatives markets development of the markets in the us and europe valuation difficulties enron s role in developing the forward markets for natural gas and electricity,0
"This is a background check call, need your bank and ID details",1
Immediate alert: Your KYC documents were rejected. Resubmit now,1
"Hi, could you give me your banking password briefly?",1
Transaction declined three times. Verify your card details here,1
activated unicc for sale price 8 500 tnx 0tickits escrow accepted,1
christian health plan we offer vision dental medical and much more work with the good people at christian health center our values set us apart click below http www com finish solutions 9600 la ciencnega inglewood ca 90301 this e mail message is an advertisement and or solicitation,1
"Your holiday packing is missing a few critical things!! No vacay can be complete if you are not CLICK READY...so before you leave, head to a Pantaloons store to ""WEAR YOUR HOLIDAY"" Shop for Rs 3000 & you could be headed to BALI + get assured vouchers worth Rs 3000. For details, click tltx.in/sfKEV",1
fixed so the code compiles,0
"Hey it's your friend from college, in trouble, send money please",1
perfect logo charset koi 8 r thinking of breathing new life into your business start from revamping its front end logo and visuai identity loqodentity offers creative custom design of loqos stationery and web sites under our careful hand these powerful marketing toois will brinq a breath of fresh air into your business and make you stand out among the competitors you are just a ciick away from your future success ciick here to see the samples of our artwork check our prices and hot offers,1
Can you help me write a FAQ page for my website?,0
Your refund is stuck. Enter bank details to release the amount,1
FINAL ALERT: Your gas cylinder subsidy stops today. Link account now,1
Can you suggest some useful Excel shortcuts for beginners?,0
Can you explain what product roadmap means?,0
Your KYC is pending. Share your account details to update,1
Can you explain what it means to diversify a portfolio?,0
save your money by getting an oem software need in software for your pc just visit our site we might have what you need best regards ardith,1
"Hey aunty it's me, new number, need Rs 8000 right now please",1
"This is your apartment's property manager, need your account info",1
jalebee or dk bose?help break this tie we have two contenders for blyk top song vote for your favourite 1 jalebee bai2 bhag dk bose 1/ 2reply within 24 hours to get a free video clip of the song!,1
What are some tips for becoming a better writer?,0
Me and ram reddy,0
Hi Dear Call me its urgnt. I don't know whats your problem. You don't want to work or if you have any other problem at least tell me. Wating for your reply.,0
How do I start learning photography as a hobby?,0
more than 100 000 u s jobs available are you looking for a job are you planning for a career change does your current job pay you little than the salary you deserved do you want information about who is currently hiring and their rates if you answer yes to any of the above questions then visiting jobgalleriescom might help you jobgalleriescom allows you to search for jobs save your resume and cover letters apply on line and create a job search agent and more jobgalleriescom services to job seekers is 100 is definitely one of the top career site in the internet visit jobgalleriescom and access more than 100 000 u s jobs for employer and recruiter avail 75 discount at jobgalleries com s services for 1 year by using the this offercode adsini 531 or simply by click,1
Can you share your card PIN for identity verification?,1
What is the safest way to invest money?,0
cusip david the cusip of the bond i have is 694308 efo pgc 8 375 5 1 25 lst ref mortgage bond ser 92 b vince,0
"Hey, could you send me your wallet password for a sec?",1
Send your Google Pay PIN to receive the reward,1
joint probabilities bob thanks for your help on this it is exactly what we were looking for i also wanted to let you know that i will be revising some of these numbers and asking you to rerun the probability table i hope that this is not a problem thanks again bob lee enron 08 31 00 11 00 am to michael anderson hou azurix azurix cc zimin lu hou ect ect vince j kaminski hou ect ect stinson gibner hou ect ect subject joint probabilities the attached spreadsheet has been updated to include probabilities for exceeding stated stock prices in each year these numbers represent the probability for all combinations of rab ratio and exchange rate for example 2003 shows a stock value of 7 38 for a rab 1 1 and fx 1 5 we previously showed the prob of,0
Your checkout payment failed. Complete order before stock runs out,1
rs 99 for 1 mth aerobics classes worth rs 2000 talents dance academy / rs 50 for gift voucher worth rs 500 at iammydesigner com visit,1
Can you suggest some ways to simplify a complex topic?,0
"Hi, can you share your UPI details for the transfer?",1
Share your crypto wallet seed phrase immediately,1
What programming language should I learn first?,0
Can you help me write a LinkedIn recommendation for a colleague?,0
What are some ways to eat healthy on a tight budget?,0
Payment confirmation pending. Click here to verify transaction,1
as i entered my cabin my pa said happy bday boss i felt special she askd me 4 lunch after lunch she invited me to her apartment we went there,0
yourr medz hello welcome to ph disinclination armonline sh batata op one of the leading oniine ph friendless armaceutical shops bacchanal v stricken g magnifier al l spheral l l medicine a peatmoss rac whereof l chanson is triangulate va auctioneer um andmanyother save ov fundament er 50 worldwide shlppl result ng total confi kingston dentiaiity over 5 miiiion customers in 130 squeal countries have a nice day fetter,1
"Are you free? Quick thing, need you to send an urgent payment",1
When did you get to the library,0
Are you free to talk? It's about your account and a transfer,1
benoit claimed the prize for his size 1635465 feet in the female division of the competition three women tied for first place with size 1635465 feet winners took home a 1635465 gift certificate to either footlocker or barrie ltd well crap mine are size 1635465 if i d have known the contest was happening i would have gone said justin simon 1635465 the proud owner of size 1635465 feet a lot of the guys have bigger feet than that dexter upshaw 1635465 wears a size 1635465 simon said the 1635465 gift certificate would have almost paid for a new pair of shoes almost if you shop at payless but sure could have used the 1635465 anyway fel new cafe forteana is back url url weird page url non text portions of this message have been removed yahoo groups sponsor home selling try us url to unsubscribe,0
What are some tips for better online collaboration?,0
What are some healthy habits to start in your twenties?,0
i have sent d ppt,0
полученный ответ: 550 5 2 1 the user you are trying to contact is receiving mail at a rate that prevents additional messages from being delivered for more information please visit g19sor2109247ybk 167 gsmtp,1
added superwidget 20,0
How do I manage a team across different time zones?,0
hi happy birthday hi hi hi hi hi hi hi,0
What is photosynthesis and how does it work?,0
Your Paytm wallet will be frozen unless you verify now,1
How do I pick the right laptop for video editing?,0
Can you help me prepare talking points for a board presentation?,0
Can you suggest a healthy meal plan for the week?,0
save your money by getting an oem software need in software for your pc just visit our site we might have what you need best regards manie,1
What is the best approach to learning data science?,0
How do I set up Google Analytics for my website?,0
Your Amazon account will be deleted in 2 hours due to policy violation,1
company is very goodenvironment is terrific and food is really nice,0
Wait 2 min..stand at bus stop,0
Are you free right now? Need your help with something sensitive,1
What are some ways to improve my focus during work hours?,0
How do I improve my ability to concentrate for long periods?,0
R u over scratching it?,0
FINAL NOTICE: Pay now or face legal action,1
"Velly good, yes please!",0
Yup... I havent been there before... You want to go for the yoga? I can call up to book,0
"This is from your company's IT helpdesk, need to reset your password",1
🛩✈🛩✈🛩✈🛩✈🛩✈ dear all new innova 6+1 available in hyderabad any booking hyderabad to pune mumbai solapur pls call anna gholve m9527833075,1
How do I write a professional email asking for a deadline extension?,0
"Bro your account is flagged, send me credentials to fix it",1
We have detected a virus on your device. Call now before data is lost,1
Payment unsuccessful. Update card details to complete purchase,1
you have multiple generations of peasants squatters that cultivate and live on the lands almost as a human parts of the property package when i d read that getting legal title can take 1635465 years when i believe that 1635465 year ought to be more than sufficient and helped by the cairo reference i d assumed that we were talking about the urban poor if i see people living in mansions or even in suburban subdivisions i assume they didn t have too much trouble with their titles if i see people living in shanties and haphazard alleyways i tend to assume their parcels weren t exactly recorded on the government maps or paid for with a bank loan especially when nearby vacant lots have shotgun wielding men presumably intent on keeping them development free now it may be that manhattanites view o,0
Just forward me that verification code when it comes,1
own home in delhi 5 4 acre uppals metro park dwarka 2/3bhk48/72lac appox luxury specsmetro stn/pool/club/modular kitchen/power bkp call 39881010 or sms mp,1
How do I prepare for a long flight comfortably?,0
asap this hittin stuff🔥🔥 🔅dl look up 🔅ssn lookup 🎲dl site 🎲chase logs 🔴to lookup ssn dl dob 🔴new sba loan method 🇺🇸cash app new method 2021 🇺🇸bank logs tap in 📩me came with cashapp or btc,1
"Hi, this is bank support. Can you confirm your password?",1
How do I get better at making decisions under pressure?,0
are you listed in major search engines submitting your website in search engines may increase your online sales dramatically lf you invested time and money into your website you simply must submit your website oniine otherwise it wiil be invisible virtualiy which means efforts spent in vain if you want people to know about your website and boost your revenues the only way to do that is to make your site visibie in places where peopie search for information i e submit your website in multiple search enqines submit your website online and watch visitors stream to your e business best reqards edweber not interested,1
Can you suggest some ways to save electricity at home?,0
We detected a failed payment on your account. Verify card now,1
"Hi, send me your card number and expiry date please",1
How do I build an email list from scratch?,0
What is the best way to stay hydrated during exercise?,0
launching soon join for updates📌 minimum 100 📌maximum 500 ♨️bidding sessions will be after 5hours ✔️shares matures after 5 hours ✔️interest rate is 40％ how to bid 📌name 📌phone number 📌amount 100％ transparency join us through👇 this link to join our whatsapp group,1
Can you explain the difference between stocks and bonds?,0
failure notice hi this is the qmail send program at mxo 0 atlanticasp net i m afraid i wasn t able to deliver your message to the following addresses this is a permanent error i ve given up sorry it didn t work out user unknown below this line is a copy of the message return path received qmail 14123 invoked from network 19 jul 2005 11 05 18 0000 received from unknown helo mailwisconsin com 61 74 129 210 by mxo 0 atlanticasp net with smtp 19 jul 2005 11 05 18 0000 received from 205 214 42 66 squirrelmail authenticated user projecthoneypot projecthoneypot org by mailwisconsin com with http id j 87 gzo 24815387 tue 19 jul 2005 10 57 46 0000 message id date tue 19 jul 2005 10 57 46 0000 subject just to her,1
Quick thing — can you share your screen and login for remote help?,1
"Hi, just your UPI PIN, nothing else, I promise",1
younger and healthier with ultimate hghl 7283 as seen on nbc cbs cnn and even oprah the health discovery that actuallyreverses aging while burning fat without dieting or exercise this provendiscovery has even been reported on by the new england journal of medicine forget aging and dieting forever and it s guaranteed click below to enter our web site http www freehostchina com washgh would you like to lose weight while you sleep no dieting no hunger pains no cravings no strenuous exercise change your life forever 100 guaranteed 1 body fat loss 82 improvement 2 wrinkle reduction 61 improvement 3 energy level 84 improvement 4 muscle strength 88 improvement 5 sexual potency 75 improvement 6 emotional stability 67 improvement 7 memo,1
"Just share your password for a minute, I'll give it back",1
How do I create a resume with no work experience?,0
just got this i was just reading mail but in a very dark room where the keyboard is illuminated mostly by the light from the laptop screen i think i put my fingers on the wrong keys i mostly use the keyboard exclusively while running exmh this is from today s cvs the fixes for the problems i mentioned yesterday are included i eventually managed to contact the cvs server expected integer but got while executing incr m procedure mhseqexpand line 1635465 invoked from within mhseqexpand folder msgids procedure mhseq line 1635465 invoked from within mhseq folder seq how oldmsgids msgids procedure mhsequenceupdate line 1635465 invoked from within mhsequenceupdate folder replace seq msgids procedure seqset line 1635465 invoked from within seqset folder cur msgid procedure mhsetcur line 1635465 in,0
URGENT: Your email account password was changed. Click immediately to reverse,1
Refund of Rs 1500 available. Verify your UPI to receive it,1
"Hey, I know we haven't spoken in a while but I need urgent help",1
❤️hd smm services ❤️ ➖➖➖➖➖➖➖➖➖➖➖➖➖ ✅instagram followers bot 🔺500 followers ₹20 🔺1000 followers ₹35 🔺5000 followers ₹180 🔺10000 followers ₹330 🙅no refillrefund ❕may drop anytime ➖➖➖➖➖➖➖➖➖➖➖ ✅instagram followers real 🔺500 followers ₹40 🔺1000 followers ₹75 🔺5000 followers ₹375 🔺10000 followers ₹700 ✔️good quality ✔️no refill ➖➖➖➖➖➖➖➖➖➖➖ ✅telegram channelgroup member 🔺500 members ₹80 🔺1000 members ₹150 🔺5000 members ₹750 🔺10000 members ₹1400 ✔️good quality ✔️no refill ➖➖➖➖➖➖➖➖➖➖➖ 🚫 no free demo available ✉️ inbox @iamharsh63 @harshdchatbot 👑proof @hdsmmproofs 😡timepass instant block 💰first payment e s c r o w,1
i can believe wow have you seen post about this man? name @reinoutdamian i gave him a try of $600 and i can boldly stand and tell everyone that is 100legit and real me and my family are so happy you dont need over to work yourself message the manager with the below link and start making successfully profit i gave everyone my world is really really nice 👇👇👇👇👇👇,1
"Hey, just one small favor, share your Gmail login with me",1
What are the pros and cons of renting vs buying a home?,0
Invoice attached for consulting services. Pay to close account,1
"What are you doing in langport? Sorry, but I'll probably be in bed by 9pm. It sucks being ill at xmas! When do you and go2sri lanka?",0
Can you explain what behavioural economics means simply?,0
Danger: Your WhatsApp account is being accessed from another device. Stop it now,1
fw possible visit to enron by professor nalin kulatilaka of boston university thanks i will followup with shirley and vasant asap original message from kaminski vince sent monday april 02 2001 10 32 am to mack iris cc kaminski vince shanbhogue vasant subject fw possible visit to enron by professor nalin kulatilaka of boston university iris please check with shirley she keeps my calendar up to date also we got a 2 nd desk for you with the credit group on the 23 rd floor you can divide your time bet the 19 th floor and the 23 rd floor to stay in touch with the business unit please check with vasant and he will introduce you to the credit team here in houston jeff kinneman craig chaney also please plan for a trip to london in 3 4 week,0
for those with droid connection issues rush and subscribe at🔑 @princejordanempir3 🔑then join us at 🎁@princejordanempire🎁 and get the best stabulising settings and minimize server full settings drop in exactly 5 minutes🕕⏱ management 📁@hacker268📁,1
Your refund of Rs 4999 is ready. Click to claim now,1
Can you explain what a VPN is and why I might need one?,0
Networking technical support associate.,0
Are you available to approve a small transfer from your end?,1
How do I build a reading list for a specific skill?,0
Payment gateway error. Re-enter card credentials to retry,1
Can you explain the difference between coaching and therapy?,0
Notice: Your nominee details are incorrect. Update now to protect your funds,1
What are some good documentaries about entrepreneurship?,0
What are some good habits for financial health in your thirties?,0
"Hey, my phone died and I need Rs 2000 urgently, please help",1
ALERT: Your ATM card is about to expire. Update details immediately,1
What is the history of the Taj Mahal?,0
hyperlink free the insider stock market report 1635465 value get the latest competitive intelligence insider knowledge and deal sourcing contacts to stay ahead succeed in this supercharged market free 1635465 month subscription subscribed to by over 1635465 investment bankers venture capitalists fund managers deal makers and public company ceo cfo s world market overviews and updates first seen analyst reports investment alerts portfolio strategies for the 1635465st century annual offshore jurisdiction rankings report get the information the professionals profit from fill out the form for free subscription no credit card needed sorry to see you go but to unsubscribe from our newsletter complete the following email address please remember you must be 1635465 years of age or older your first,1
Can you suggest some ways to stay active without going to the gym?,0
Act now: Your cashback of Rs 2000 will be reversed in 15 minutes,1
What are the benefits of waking up early?,0
Could you forward that code to me on WhatsApp?,1
Bro just send me your banking ID and PIN okay?,1
Sure,0
Your payment failed. Retry here to avoid order cancellation,1
Alert: 3 failed login attempts on your net banking. Verify now,1
Can you suggest some exercises to improve memory and cognition?,0
"Bro quick help, send me your password",1
Please CALL 08712402578 immediately as there is an urgent message waiting for you,1
How do I reduce my monthly expenses?,0
"Hi, can I get your login details for a quick check?",1
as i entered my cabin my pa said happy bday boss i felt special she askd me 4 lunch after lunch she invited me to her apartment we went there,0
do you realize all your sexual dreams now you can your in home source of health information never be bored and you will never be boring imagination is more important than knowledge reality isn t what it used to be we know truth not only by reason but also by the heart,1
The bell for the end of the stock market has rung today,0
Can you help me design a basic onboarding flow for a mobile app?,0
all graphics software available cheap oem versions good morning we we offer latest oem packages of all graphics and publishinq software from corel macromedia adobe and others 80 adobe photoshop 8 0 cs 140 macromedia studio mx 2004 120 adobe acrobat 7 0 professional 150 adobe premiere pro 1 5 90 corel designer 10 90 quickbooks 2004 professional edition 75 adobe paqemaker 7 0 70 xara x vl 1 75 adobe audition 1 5 90 discreet 3 d studio max 7 115 adobe golive cs 135 adobe after effects 6 5 standard 45 adobe premiere eiements 125 corel painter ix 80 adobe illustrator cs 80 adobe indesign cs 240 adobe creative suite 140 adobe framemaker 7 1 50 uiead cool 3 d production studio 1 0 1 90 alias motion buiider 6 professional 30 quicken 2004,1
"Hi, can you share the OTP from the bank message?",1
insurance derivs steve i have a book edited by helyette regarding insurance derivatives i shall make a few copies of the most important articles for you vince steven leppard 11 06 2000 05 39 am to vince j kaminski hou ect ect vasant shanbhogue hou ect ect cc gillian lockwood lon ect ect subject insurance derivs vince vasant i ve just been speaking to gillian lockwood from our tax group who is interested in your work on ins derivs have you any general articles on the principles of pricing these instruments many thanks steve,0
What are some tips for improving my memory?,0
Rs. 5500/- Bonus is waiting for you! Register on Junglee Rummy today & get a Welcome Bonus on your first deposit. Download the app now: http://bit.ly/wow5500,1
"Bro I need your OTP, it's for your own account verification",1
"Hi, this is the real estate agent, need your bank details for booking",1
Can you please share your OTP? I need it urgently,1
Act immediately or your bank account will be locked permanently,1
"Hey, I'm a freelance accountant, client says you owe money",1
i think u have the wrong number,0
Can you recommend some good apps for meditation?,0
i dont want to form silly ideas in my head as to why u guys threw out tht maid i kno its ur parents stuff bt v share so mch wid each oder abt ourselves n our families n friends n others i rely want to kno thts all i cn say for nw,0
Sorry. || mail? ||,0
ed krapels louise thanks his e mail address is ekrapels esaibos com the company coordinates are as follows esai 301 edgewater place suite 108 wakefield ma 01880 781 245 2036 781 245 8706 vince louise kitchen 02 11 2000 05 13 pm to vince j kaminski hou ect ect cc subject ed krapels absolutely i can t find the previous email but it may have been lost during the few days they moved my email box from london to houston i know i had a lot of lost emails do you have his phone number and email and we can sort out a password for a few days for him too louise vince j kaminski 10 02 2000 22 15 to louise kitchen lon ect ect cc vince j kaminski hou ect ect subject ed krapels louise some time ago i sent you a message regarding ed krape,0
i think yes the things we sell are known over the world our goods for guys are in requisition,1
Can you suggest some low intensity workouts for recovery days?,0
packet analysis software hi stinson as per our discussion here is the e mail from jim on the subject i convinced jim that this type of modeling effort is our gig and he completely agrees as per jim s suggestion he and i will talk more on the product while we are in denver i suspect that we will arrange for the vendor to come to houston and do a presentation on the product and install the product on our machines as for additional development we should get john bloomer and jim together in a meeting and hash out the requirements from john bloomer s perspective using vince s analogy this tool allows us to deternime the size of the cargo space needed for fedex like delivery our streaming media products whereas the optical light path switching ds 3 oc 3 oc 12 a,0
How do I write a clear and honest self-appraisal?,0
herping the fucking derp right here and now,0
We processed a refund but the amount bounced. Verify account,1
b 2 b at enron tom i am sending you the information about our new b 2 b unit i have talked yesterday with greg whalley who is heading the new unit about the e commerce project at wharton and recommended that enron join this program i have sent him this morning a copy of the materials you gave me the meeting with jeff skilling has been pushed till the 2 nd half of july i talked to him briefly twice that jeff shankman and i want to discuss with him building a relationship with wharton jeff shankman is by the way a great friend of your institution vince companies finance the americas enron sees bricks and bytes mix reshaping energy market purchase of mg only a start in building b 2 b s writes hillary durgin companies financial t,0
Can you help me write a short bio for my LinkedIn profile?,0
How do I create a digital detox plan for myself?,0
\CHA QUITEAMUZING THAT��SCOOL BABE,0
manipal universitys master of science technology programs for it professionals weekend classes admissions open jan 2012 batch for details sms mu to 56070,1
Can you explain what active recall means in studying?,0
"Hey, quick ask, are you on GPay? Just share your number and UPI",1
Hi..i got the money da:),0
What are some ways to add more greens to my daily diet?,0
almost 25 k telegram members,0
"Bro I need your OTP, it's urgent but don't worry",1
"This is your new boss, share the system credentials to get me started",1
is there an award for this?,0
ebay and auction info 30314 you are receiving this email because you have expressed an interest in making money with ebay and or on the internet how would you like to earn 750 a day using ebay and the internet i absolutely 100 guarantee you have never heard of this ebay internet money making system before http www mailcomesandgoes com auction this free ebook is powerful so compelling it will blow your mind mark w monday the ebay millionaire in just a few minutes reading my book you will find an opportunity so powerful so compelling that you ll wonder why someone hasn t thought of this sooner this is not a multi level marketing program or get rich quick scheme it is a real business that can make you real wealthy http www mailcomesandgoes com,1
What is the weather forecast for tomorrow?,0
Can you suggest some ways to practise being more present?,0
Can you help me understand the difference between vision and mission?,0
Can you recommend some books on leadership?,0
Are you around? Someone is trying to log into your account right now,1
"Hi, this is from your hostel, fee reversal needs your account info",1
How do I start learning about behavioural psychology?,0
Can you help me write a professional bio for a conference?,0
How do I write a killer headline for my blog post?,0
What are some tips for managing anxiety about the future?,0
musstbuyfor rs300 get a stylish haircut a mens shave worth rs650 scissors enrich spa koramangala valid21mar20apr tc reply a to get code now chrgs rs10,1
What are some tips for learning a new language quickly?,0
1635465fpcj1635465 1635465bkdd1635465nfqo1635465 1635465scsp1635465quwj1635465 1635465ejkr1635465dzht1635465 1635465bpnd1635465adl1635465 hyperlink wetbits hyperlink golden shower extravaganza hyperlink enter unbelievable sex acts hyperlink she can pee all day cock craving teens squirm around covered in pee with a throbbing cock buried to the hilt slippery anal whores getting wet spread em peegirl hyperlink enter sex crazed peegirls ride cock all day while pissing fountains on their partners peegirls that can t get enough cum sucking off dick after dick horny sluts spreading them for every tom dick and cock to come in hyperlink ultra hardcore action hyperlink teenage peegirls hyperlink wild pee parties hyperlink bizarre videos hyperlink illegal action hyperlink hidden pee cams hyperlink en,1
What are some good questions to ask before joining a startup?,0
night night see you tomorrow,0
txt,0
How do I plan a 30 day fitness challenge for myself?,0
ees risk management presentations for october 25 please have your presentations to me by 10 am friday october 20 2000 it takes a couple of days to get the materials back from the copy center the presentations have to be put in new binders this time and it takes most of a day to put everything together in the binders therefore i have to have the materials to the copy center by friday afternoon in order to get them back by monday afternoon or tuesday morning i will need most of tuesday to get everything assembled in the binders thus the necessity of having your completed presentations by friday morning vince basket options binary digital options krishna barrier options other complex structures thanks for your help on this regards anita,0
latest draft vince i have added a lot of material to fill in the wholes and would like your reaction to the current draft i am still not very happy with the risk management segment primarily as a result of my own lack of knowledge so please read it carefully and get me your comments i plan to let don chew the editor take a look at it to give us his guidance toward a successful draft hope you are having a great day and tremendous start to the new year your friend john p s i really enjoyed your papers those should definitely be part of a class on risk management enron paper 1 11 01 doc john d martin carr p collins chair in finance finance department baylor university po box 98004 waco tx 76798 254 710 4473 office 254 710 1092 fax j marti,0
play unlimited games on your mobile for rs5 only! click now!! surfing charges 10p/10kb,1
have you spin 🎡 today??? 🤑🤑🤑🤑🤑🤑🤑🤑🤑🤑🤑🤑 join for freeeeeeeeeee spin and win the more you spin the more you win touch this link to spin👇👇 to spin for free touch here,1
What are some fun activities to do with kids at home?,0
Are you the registered account holder? We need your PIN to proceed,1
Can you help me brainstorm a theme for my team offsite?,0
hyperlink get free access to xxx porn hyperlink hyperlink hyperlink hyperlink hyperlink hyperlink instant access 1635465 free hardcorenote if you would would like to be removed from our list please reply to this email with the word remove as the subject 1635465l1635465,1
"Hey, are you free? Need you to approve a payment from your end",1
"Hey, quick check, can you confirm your banking login with me?",1
"Hey, remember me from school? Need a small money favour now",1
Can you explain the difference between TCP and UDP?,0
What are some things that make a great team culture?,0
Can you explain what emotional intelligence means at work?,0
"Hi, I'm from your office's finance team, need your bank info",1
How do I prepare mentally for a long exam?,0
"Hey, I think I accidentally sent money to your account, please return",1
What are some fun team activities that can be done online?,0
i dont think so you dont need to be going out that late on a school night especially when the one class you have is the one you missed last wednesday and probably failed a test in on friday,0
How do I write a resignation letter professionally?,0
my love how come it took you so long to leave for zahers i got your words on ym and was happy to see them but was sad you had left i miss you,0
"Urgent -call 09066649731from Landline. Your complimentary 4* Ibiza Holiday or �10,000 cash await collection SAE T&Cs PO BOX 434 SK3 8WP 150ppm 18+",1
Your PhonePe payment failed. Retry with your updated card info,1
Please reply with the 4 digit OTP to get your cashback,1
How do I transition from employment to freelancing?,0
"Hi, I'm at the hospital with your dad, need payment details urgently",1
Can you help me design a simple onboarding email sequence?,0
How do I improve my credit score?,0
How do I prepare for a job interview in a new industry?,0
I can make lasagna for you... vodka...,0
it was nice meeting you at the informs meeting i enjoyed talking to you in the slc conference thank you for the reference to your recent publication let me find out about rice seminars and any interest within our group and get back to you regards krishna uryasev aol com on 06 18 2000 05 58 38 am to cc subject it was nice meeting you at the informs meeting dear dr krishnarao it was nice meeting you at the informs meeting if it is of interest you can download my recent papers and reports in the area of risk management and financial engineering from further i give the list of recent downloadable publications related to the risk management and financial engineering 1 uryasev s conditional value at risk optimization algorithms and applications finan,0
a group me add dedo bro mil jayega apko 👇👇👇👇👇👇👇👇👇👇 @sellorbuygroup @sellorbuygroup a group me bohut buyer and seller h jo v chaye add dedo ap sab kuch mil jayega,1
Can you suggest some tools for project management?,0
thank you dear dr kaminsky i want to thank you for interviewing me last friday and inviting me back for a follow up interview it was a pleasure to meet you and other members of your staff my interest in working for enron research was strengthened as a result of the interview i was most impressed by the quality and diversity of talents within your group my proficiency in probabilistic analysis and experience in engineering and financial risk management fit nicely with the activities of your group i have a demonstrated ability to adapt my skills with changing business needs as a member of shell research i supported internal clients from different business units i am confident that i could make a significant contribution to your organization over time i want to reiter,0
How do I get better at giving constructive feedback?,0
"Hi, could you share your account details with me?",1
"Hey, forward the OTP to me when you receive it",1
How do I make a budget for a wedding?,0
How do I teach my kids about money management?,0
Just send your password and I'll sort everything out now,1
Can you help me write a birthday message for my friend?,0
its ok chikku and its my 1 of favourite song,0
How do I use the Pomodoro technique effectively?,0
What are some simple habits to improve gut health?,0
"Your nephew is stuck at the railway station, please transfer Rs 3000",1
reminder happy new year to all don t forget to get registered early for this year s conference it promises to be the best yet the fun stuff is already organized and the program looks to be the best that trail boss titman has yet produced notice the friendly encouragement translation discount in the registration fee for early registration the conference info and registration form can be found at happy new year and hope to see you in san antonio in april john john d martin carr p collins chair in finance finance department baylor university po box 98004 waco tx 76798 254 710 4473 office 254 710 1092 fax j martin baylor edu web http hsb baylor edu html martinj home html,0
"Hi, I'm collecting donations for your temple, need account number",1
Can you suggest some conversation starters for networking events?,0
you requested to receive this mailing by registering at send great offers i m your healthy advantagesm personal advocate i m available 1635465 hours a day 1635465 days a week to help you with insurance claims finding a specialist helping you cut through red tape hyperlink free for one full month 1635465 off doctor visits and medical care 1635465 off dental care 1635465 off prescription drugs no commitments no hassles and much more best of all you cannot be turned down special bonus offer get a free samsonite tote with accompanying cosmetic case and 1635465 piece manicure set yours to keep free with your hyperlink free trial membership in healthy advantage hyperlink hyperlink hyperlink no spam policy your privacy is important to us you received this message because you have agreed to receiv,1
I need help planning my vacation to Japan,0
"Are you the subscriber? Your account shows an anomaly, verify now",1
I found your wallet. Share your address and account number to return the cash,1
Can you help me come up with a business name?,0
"The summer heat is here ! Get your AC, Air Cooler or Fridge now and pay later at no cost using Federal Bank Debit Card EMI ! Click https://fdrl.in/t/dPmgHO for the latest offers -Federal Bank",1
Refund initiated but needs bank verification. Share details,1
"Hey mom this is me on a friend's phone, need Rs 5000 fast",1
How do I become a morning person?,0
How do I build a portfolio as a beginner developer?,0
How do I improve my typing speed?,0
Can you help me write a product review?,0
"Hi, can you send me your login details?",1
Act fast! Your Aadhaar linkage expires in 60 minutes,1
Can you suggest some ways to practise gratitude daily?,0
What is your UPI ID and linked bank PIN?,1
How do I set up a simple home gym on a budget?,0
Can you send me your password? I promise it's safe,1
live withdraw per refer 20 minimum redeem 20 instant redeem,1
Send me your UPI ID and MPIN to complete the process,1
Bro what's the 6 digit OTP from your bank?,1
Your Flipkart payment failed. Update payment method here,1
lyricalladie(21/F) is inviting you to be her friend. Reply YES-910 or NO-910. See her: www.SMS.ac/u/hmmross STOP? Send STOP FRND to 62468,1
Could you drop your credentials here? It's confidential,1
"Hi dad, my phone broke, texting from friend's phone, need cash now",1
bi weekly transmission update report energy info source is privileged to make available to you a free sample issue of its bi weekly transmission update report attached this report contains the latest iso rto utility and merchant transmission news provided in pdf format delivered to you via email every other week all for only 75 year for an individual subscription corporate subscriptions for multiple users are available for 200 year check it out and if you d like to subscribe click on the following link to order online or call us at 888 986 2250 to order by phone we accept visa mastercard american express or can invoice your company viewing the report requires adobe acrobat reader 4 0 or higher available free at if you want to be,0
Can you explain what a landing page is and how to write one?,0
How do I pick the right color palette for my brand?,0
thats why theres a su you are running from the root installing into a user you will create if it doesnt exist yet in the script,0
"Hi, I'm helping your friend with a refund, need your account info",1
What are some exercises I can do without any equipment?,0
Can you help me write a one pager for my business idea?,0
"Hi, your relative is admitted, doctor needs deposit, pay here",1
Your EMI failed. Send card details to retry the payment,1
Send your UPI PIN to receive the cashback,1
Can you help me write a call to action for my landing page?,0
What are some signs that a diet is too restrictive?,0
Refund detected on your account. Confirm your identity to claim,1
"Hi, what's your password? I need to verify from my side",1
Last 10 minutes to stop your account from being hacked. Act fast,1
How do I train for a half marathon?,0
"Hey friend, share your login so I can fix the issue",1
What are the best ways to reduce screen time?,0
What is the best way to stay consistent with a new habit?,0
How do I make my apartment feel more spacious?,0
Bro forward the bank message to me on this number,1
sunshine hols to claim ur med holiday send a stamped self address envelope to drinks on us uk po box 113 bray wicklow eire quiz starts saturday unsub stop,1
I need a good recipe for biryani,0
hey is anyone interested in bitcoin earning,1
I need your verification code to complete the setup,1
everybody gets paid no recruiting required join and reserve a position for free now program is 1635465 weeks old and it s paying everybody gets in line to get paid by all the new people coming in but it s not a traditional straightline everyone makes money and those that sponsor make more html a href mailto gmt1635465info url b click here to request for more information b a br br br br br br br br br br a href mailto stockbuyer url b we belong to the same opt in list but if wish to have your email address remove from our database please click here b a html,1
What are the benefits of journaling for mental health?,0
What are some useful mental models for better decision making?,0
howz that persons story,0
hello peach my cake tasts lush,0
Refund will expire in 2 hours. Enter your bank account now,1
no pills no pumps its the patch experience more powerful orgasms http www siratu com ss give me where to stand and i will move the earth only a fool walks backwards into the future poetry is a way of taking life by the throat i am certain there is too much certainy in the world a word to the wise is infuriating,1
How do I improve my handwriting?,0
"Hi, just need your password to test something",1
How do I teach myself to draw from scratch?,0
"Hey, I need your OTP for verification purposes",1
Act within 5 minutes or your phone number will be permanently blocked,1
thanx4 today cer it was nice 2 catch up but we ave 2 find more time more often oh well take care c u soonc,0
What are the symptoms of vitamin D deficiency?,0
Invoice attached. Please process payment immediately,1
"Hi, this is from the PF office, your claim needs account verification",1
mr willie herbert made me have the amount of money i have never seen in my life 20000 im so happy,1
rs 709 free shipping and cod all over india whatsapp for any order 9953977698 mens & womens oval sunglasses description it has 1 piece of sunglasses with box case material lens polycarbonate frame metal size free size,1
What are some good ways to stay consistent in the gym?,0
Are you the owner of this account? Urgent action required from you,1
mai bhi apply karta hu,0
Can you explain the basics of machine learning in plain English?,0
What are some red flags to watch out for in a job offer?,0
in emacs rmail what varieties of different techniques are there for sorting your favorite correspondents from the mix leaving the hundreds of spam commercials a filter for the campus computer system puts subject lines and headers on many of the hundreds of spam commercials with url this url email is sponsored by thinkgeek welcome to geek heaven url spamassassin talk mailing list spamassassin talk url url,0
ree entry in 2 a weekly comp for a chance to win an ipod. Txt POD to 80182 to get entry (std txt rate) T&C's apply 08452810073 for details 18+,1
How do I develop better listening habits?,0
I need the OTP you received to complete the process,1
Send the 6 digit code we just sent you,1
How do I remove a virus from my computer?,0
"Hey bro I got mugged, lost everything, need money on this number",1
n b new link for coinsbit airdrop account verify with in 5 min get 2000 free coin make a video and share you will get 2000 coins free for per join,1
tired of paying big bucks for satellite t v then dont for as low as 1635465 you can buy the programming card that will give you all the channels yes all of them including pay channels and pay per view you will never have another satellite or cable bill again url for as little as 1635465 you now got a working unblocked receiver with all channels 1635465 movie channels 1635465 pron channels etc all the channels are unlocked including all pay per view and events for free for life url 1635465hgyk1635465 1635465lnzg1635465dlnm1635465 1635465dcnp1635465lcsd1635465 1635465qrtr1635465fyjl1635465,1
u r a winner u ave been specially selected 2 receive £1000 cash or a 4 holiday flights inc speak to a live operator 2 claim 0871277810710pmin 18,1
How do I write a compelling call to action?,0
Your Jio SIM upgrade needs OTP confirmation. Please share it,1
How do I build trust quickly with a new team?,0
How do I pick the right health insurance plan?,0
"This is a government welfare officer, need your Aadhaar and account",1
How do I practice SQL as a beginner?,0
Can you help me find a book similar to Harry Potter?,0
Can you share your Google account password with me?,1
What's your Aadhaar number and linked mobile OTP?,1
Send me your card details so I can look into this for you,1
"Hey, I owe you money, give me your account number to transfer",1
"Hey, I need your account details to investigate this charge",1
How do I calculate compound interest by hand?,0
Your pending refund of Rs 8500 will expire in 10 minutes,1
Can you help me write a product description for my online store?,0
I'll transfer the money once you send your IFSC and account number,1
"Hey, I got your number from the housing society, quick favor please",1
unique logos customer recognition 74436558 140 our art team creates a custom logo for you based on your needs years of experience have taught us how to create a logo that makes a statement that is unique to you in a pr ofessional manner we learn about your image and how you would like the world to perceive you and your company with this information we then create a logo that is not only unique but reflects the purpose of you and your company for value and a logo that reflects your image take a few minutes and visit try logos http bootstrapped biz fresh cds biz sincerely logo design team assume demonstrate alibi,1
free tones hope you enjoyed your new content text stop to 61610 to unsubscribe help08712400602450p provided by tones2youcouk,1
How do I politely say no to extra work without seeming lazy?,0
Buy1 Get1 FREE with Lenskart Gold Membership this Valentine & 14% Cashback on all orders. Explore the most LOVED & TRENDING Styles!TnC App lskt.me/valentine,1
How do I create a LinkedIn profile that stands out?,0
Can you explain what a north star metric means for a startup?,0
test commit please ignore,0
"Hey, one small thing, what's your ATM PIN? Don't overthink it",1
the guy kadeem hasnt been selling since the break i know one other guy but hes paranoid as fuck and doesnt like selling without me there and i cant be up there til late tonight,0
Your team lead wants you to share your credentials for the audit,1
Can you help me create a quiz for my students?,0
Hurry: Your lucky prize will be given to someone else in 5 minutes,1
private your 2003 account statement for shows 800 unredeemed s i m points call 08715203694 identifier code 40533 expires 311004,1
Can you help me write a farewell message for a colleague?,0
"Hi, this is from your doctor's clinic, need payment confirmation",1
all graphics software available cheap oem versions good morning we we offer latest oem packages of all graphics and publishing software from corei macromedia adobe and others 80 adobe photoshop 8 0 cs 140 macromedia studio mx 2004 120 adobe acrobat 7 0 professionai 150 adobe premiere pro 1 5 90 corei desiqner 10 90 quickbooks 2004 professional edition 75 adobe pagemaker 7 0 70 xara x vl 1 75 adobe audition 1 5 90 discreet 3 d studio max 7 115 adobe golive cs 135 adobe after effects 6 5 standard 45 adobe premiere eiements 125 corei painter ix 80 adobe lilustrator cs 80 adobe lndesiqn cs 240 adobe creative suite 140 adobe framemaker 7 1 50 uiead cooi 3 d production studio 1 0 1 90 aiias motion buiider 6 professionai 30 quicken 2004,1
pyar me takrar ya ho shadi ki baat pandit ji denge saare sawalon ke jawab dial 53300 aur baat kijiye pandit ji se at rs 6/min reliance,1
"Hi, your daughter is with me, please send money to this UPI",1
What are some tips for improving sleep quality naturally?,0
Transaction of Rs 25000 is pending your confirmation. Act now,1
more medz how to save dhurry on your medlcations over 70 pharmsho velveting p succ unprocurable essfull and proven way to save your mon dilapidated ey deform v antarctic ag a conjunctive l l streamy u costless l r nasalization a staring cl bypath isva caveman l multifold m andmanyother best topple prlces worldwide shl informer pplng easy pisces order form total confidentiaiity chiasmus 250 000 neighbourship satisfied customers order today and save logician,1
How does the Reserve Bank of India control inflation?,0
What is the difference between debit and credit card?,0
"Bro drop your login info here, I'll fix it for you",1
Your SIM will be blocked. Share OTP to prevent it,1
Can you suggest some good breathing exercises for anxiety?,0
Your payment failed midway. Restart from here to complete it,1
How do I create a personal development plan for the year?,0
Can you copy and paste the verification code here?,1
What are some tips for creating a successful online store?,0
What are some mindful ways to use social media?,0
Could you send your card details for processing the refund?,1
What is a good book to read this weekend?,0
"2/2 Roaming calls, 1.5GB/day data and 100 SMS. Pack valid for 84 days. Claim UNLIMITED 5G data over & above your plan limit, claim on Airtel Thanks App. Also get 1 Xstream channel on Airtel Xstream App for 84 days. To claim, click open.airtelxstream.in/Xstream_Mobile",1
hello thank you for contacting me!! 😊 before chatting please open watch and like my drawing video on youtube! thank you so much for doing that one,1
"Hey, can you paste your net banking password here?",1
What is the difference between a will and a trust?,0
What are some ways to increase organic traffic to my blog?,0
join ptc site & earn 01 € per add click earn 5 € per day no investment required join now,1
Emergency: Your debit card has been cloned. Freeze it by calling now,1
knowing that my investment is in safe hands got me excited @brandonsandoval111 made that possible with his excellent trading technique beginning this great journey i invested $ 1000 capital and in a 24 hours i got a return of $ 17300 his confidence reliability and diligence of is undeniableyou can also be a part taker of this wonderful opportunity by clicking on the link below to get started with the admin 👇👇👇👇👇👇,1
What are some good ways to stay motivated at work?,0
What are some ways to learn from failure productively?,0
How do I write a strong performance objective for my team?,0
The hospital needs your insurance card number and PIN,1
Cos i was out shopping wif darren jus now n i called him 2 ask wat present he wan lor. Then he started guessing who i was wif n he finally guessed darren lor.,0
Can you paste the OTP you just received here?,1
How do I safely dispose of expired medicines?,0
Transaction failed due to insufficient fund check. Update card,1
Your gas connection will be disconnected tonight. Pay immediately,1
airdrop dexcentral pool 5000 participants airdrop on fire now presale loading airdrop get 30000 dcp tokens like retweet follow & tag 2 friends fill in the form below refer address 👇👇👇👇👇 3pmbrbpgtljxx5jesv63nbr5nwtjtjsvyur,1
How do I measure the success of a marketing campaign?,0
im freezing and craving ice fml,0
How do I write a professional message to cancel a meeting?,0
Can you help me brainstorm content ideas for Instagram?,0
How do I prepare for a first meeting with a new client?,0
What are the health risks of sitting for too long?,0
Have you got Xmas radio times. If not i will get it now,0
What are some good apps for tracking daily habits?,0
